TaskID|ProbeFileID|ProbeFileName|ProbeMaskFileName|DonorFileID|DonorFileName|DonorMaskFileName|IsTarget|ProbePostProcessed|DonorPostProcessed|ManipulationQuality|IsManipulationTypeRemoval|IsManipulationTypeSplice|IsManipulationTypeCopyClone|Collection|BaseFileName|Lighting|IsControl|CorrespondingControlFileName|SemanticConsistency
Removal|NC2016_0128|probe/NC2016_0128.jpg|||||N|none||simple|N|Y|N|Nimble-SCI|world/NC2016_3272.jpg|same|N|probe/NC2016_7105.jpg|
Removal|NC2016_0130|probe/NC2016_0130.jpg|||||N|none||complex|N|Y|N|Nimble-SCI|world/NC2016_4264.jpg|different|N|probe/NC2016_7301.jpg|
Removal|NC2016_0211|probe/NC2016_0211.jpg|||||N|none||complex|N|Y|N|Nimble-WEB|world/NC2016_2999.jpg||N||inconsistent
Removal|NC2016_0222|probe/NC2016_0222.jpg|||||N|none||simple|N|Y|N|Nimble-SCI|world/NC2016_6721.jpg|same|N|probe/NC2016_9042.jpg|
Removal|NC2016_0278|probe/NC2016_0278.jpg|||||N|none||simple|N|Y|N|Nimble-SCI|world/NC2016_0662.jpg|different|N|probe/NC2016_2619.jpg|
Removal|NC2016_0289|probe/NC2016_0289.jpg|||||N|none||complex|N|Y|N|Nimble-WEB|world/NC2016_0161.jpg||N||inconsistent
Removal|NC2016_0293|probe/NC2016_0293.jpg|||||N|none||complex|N|Y|N|Nimble-WEB|world/NC2016_2311.jpg||N||inconsistent
Removal|NC2016_0342|probe/NC2016_0342.jpg|||||N|none||complex|N|Y|N|Nimble-SCI|world/NC2016_7734.jpg|different|N|probe/NC2016_6301.jpg|
Removal|NC2016_0343|probe/NC2016_0343.jpg|||||N|none||simple|N|Y|N|Nimble-WEB|world/NC2016_9194.jpg||N||consistent
Removal|NC2016_0444|probe/NC2016_0444.jpg|||||N|none||complex|N|Y|N|Nimble-WEB|world/NC2016_2481.jpg||N||consistent
Removal|NC2016_0459|probe/NC2016_0459.jpg|||||N|none||complex|N|Y|N|Nimble-SCI|world/NC2016_0159.jpg|different|N|probe/NC2016_0098.jpg|
Removal|NC2016_0481|probe/NC2016_0481.jpg|||||N|none||complex|N|Y|N|Nimble-WEB|world/NC2016_9194.jpg||N||consistent
Removal|NC2016_0484|probe/NC2016_0484.jpg|||||N|none||complex|N|Y|N|Nimble-SCI|world/NC2016_0662.jpg|same|N|probe/NC2016_2619.jpg|
Removal|NC2016_0516|probe/NC2016_0516.jpg|||||N|none||complex|N|N|Y|Nimble-WEB|world/NC2016_7828.jpg||N||consistent
Removal|NC2016_0527|probe/NC2016_0527.jpg|||||N|none||complex|N|Y|N|Nimble-WEB|world/NC2016_1608.jpg||N||consistent
Removal|NC2016_0613|probe/NC2016_0613.jpg|||||N|none||complex|N|Y|N|Nimble-WEB|world/NC2016_2999.jpg||N||consistent
Removal|NC2016_0623|probe/NC2016_0623.jpg|||||N|none||complex|N|Y|N|Nimble-WEB|world/NC2016_2481.jpg||N||inconsistent
Removal|NC2016_0650|probe/NC2016_0650.jpg|||||N|none||complex|N|Y|N|Nimble-WEB|world/NC2016_9871.jpg||N||inconsistent
Removal|NC2016_0684|probe/NC2016_0684.jpg|||||N|none||complex|N|Y|N|Nimble-WEB|world/NC2016_3735.jpg||N||inconsistent
Removal|NC2016_0741|probe/NC2016_0741.jpg|||||N|none||complex|N|Y|N|Nimble-WEB|world/NC2016_4120.jpg||N||consistent
Removal|NC2016_0796|probe/NC2016_0796.jpg|||||N|none||simple|N|N|Y|Nimble-WEB|world/NC2016_0359.jpg||N||consistent
Removal|NC2016_0871|probe/NC2016_0871.jpg|||||N|none||simple|N|N|Y|Nimble-WEB|world/NC2016_8427.jpg||N||inconsistent
Removal|NC2016_0994|probe/NC2016_0994.jpg|||||N|none||simple|N|Y|N|Nimble-SCI|world/NC2016_9067.jpg|same|N|probe/NC2016_2979.jpg|
Removal|NC2016_1148|probe/NC2016_1148.jpg|||||N|none||simple|N|Y|N|Nimble-WEB|world/NC2016_0161.jpg||N||consistent
Removal|NC2016_1165|probe/NC2016_1165.jpg|||||N|none||simple|N|Y|N|Nimble-SCI|world/NC2016_6611.jpg|same|N|probe/NC2016_1956.jpg|
Removal|NC2016_1198|probe/NC2016_1198.jpg|||||N|none||complex|N|Y|N|Nimble-WEB|world/NC2016_0161.jpg||N||consistent
Removal|NC2016_1217|probe/NC2016_1217.jpg|||||N|none||complex|N|Y|N|Nimble-SCI|world/NC2016_8410.jpg|different|N|probe/NC2016_6402.jpg|
Removal|NC2016_1264|probe/NC2016_1264.jpg|||||N|none||simple|N|Y|N|Nimble-SCI|world/NC2016_5008.jpg|different|N|probe/NC2016_6896.jpg|
Removal|NC2016_1289|probe/NC2016_1289.jpg|||||N|none||simple|N|Y|N|Nimble-SCI|world/NC2016_6721.jpg|different|N|probe/NC2016_9042.jpg|
Removal|NC2016_1332|probe/NC2016_1332.jpg|||||N|none||complex|N|Y|N|Nimble-WEB|world/NC2016_4761.jpg||N||inconsistent
Removal|NC2016_1433|probe/NC2016_1433.jpg|||||N|none||complex|N|Y|N|Nimble-WEB|world/NC2016_2311.jpg||N||consistent
Removal|NC2016_1437|probe/NC2016_1437.jpg|||||N|none||simple|N|N|Y|Nimble-WEB|world/NC2016_5510.jpg||N||inconsistent
Removal|NC2016_1515|probe/NC2016_1515.jpg|||||N|none||simple|N|Y|N|Nimble-SCI|world/NC2016_5601.jpg|same|N|probe/NC2016_1262.jpg|
Removal|NC2016_1520|probe/NC2016_1520.jpg|||||N|none||complex|N|Y|N|Nimble-SCI|world/NC2016_9067.jpg|different|N|probe/NC2016_2979.jpg|
Removal|NC2016_1545|probe/NC2016_1545.jpg|||||N|none||simple|N|Y|N|Nimble-SCI|world/NC2016_7734.jpg|different|N|probe/NC2016_6301.jpg|
Removal|NC2016_1572|probe/NC2016_1572.jpg|||||N|none||simple|N|Y|N|Nimble-SCI|world/NC2016_2857.jpg|same|N|probe/NC2016_7402.jpg|
Removal|NC2016_1720|probe/NC2016_1720.jpg|||||N|none||simple|N|Y|N|Nimble-SCI|world/NC2016_5601.jpg|different|N|probe/NC2016_1262.jpg|
Removal|NC2016_1759|probe/NC2016_1759.jpg|||||N|none||complex|N|Y|N|Nimble-WEB|world/NC2016_8929.jpg||N||inconsistent
Removal|NC2016_1764|probe/NC2016_1764.jpg|||||N|none||complex|N|Y|N|Nimble-SCI|world/NC2016_1091.jpg|different|N|probe/NC2016_0820.jpg|
Removal|NC2016_1777|probe/NC2016_1777.jpg|||||N|none||complex|N|N|Y|Nimble-WEB|world/NC2016_2586.jpg||N||consistent
Removal|NC2016_1868|probe/NC2016_1868.jpg|||||N|none||simple|N|Y|N|Nimble-SCI|world/NC2016_6267.jpg|same|N|probe/NC2016_7273.jpg|
Removal|NC2016_1986|probe/NC2016_1986.jpg|||||N|none||simple|N|Y|N|Nimble-SCI|world/NC2016_1806.jpg|different|N|probe/NC2016_4908.jpg|
Removal|NC2016_2051|probe/NC2016_2051.jpg|||||N|none||complex|N|Y|N|Nimble-SCI|world/NC2016_6721.jpg|different|N|probe/NC2016_9042.jpg|
Removal|NC2016_2122|probe/NC2016_2122.jpg|||||N|none||simple|N|N|Y|Nimble-WEB|world/NC2016_7828.jpg||N||inconsistent
Removal|NC2016_2126|probe/NC2016_2126.jpg|||||N|none||complex|N|Y|N|Nimble-SCI|world/NC2016_5008.jpg|different|N|probe/NC2016_6896.jpg|
Removal|NC2016_2167|probe/NC2016_2167.jpg|||||N|none||simple|N|Y|N|Nimble-WEB|world/NC2016_2311.jpg||N||consistent
Removal|NC2016_2202|probe/NC2016_2202.jpg|||||N|none||simple|N|N|Y|Nimble-WEB|world/NC2016_3600.jpg||N||inconsistent
Removal|NC2016_2262|probe/NC2016_2262.jpg|||||N|none||complex|N|Y|N|Nimble-WEB|world/NC2016_7578.jpg||N||inconsistent
Removal|NC2016_2354|probe/NC2016_2354.jpg|||||N|none||simple|N|Y|N|Nimble-SCI|world/NC2016_7593.jpg|different|N|probe/NC2016_9236.jpg|
Removal|NC2016_2444|probe/NC2016_2444.jpg|||||N|none||simple|N|Y|N|Nimble-WEB|world/NC2016_2999.jpg||N||consistent
Removal|NC2016_2512|probe/NC2016_2512.jpg|||||N|none||simple|N|Y|N|Nimble-SCI|world/NC2016_1091.jpg|different|N|probe/NC2016_0820.jpg|
Removal|NC2016_2564|probe/NC2016_2564.jpg|||||N|none||simple|N|Y|N|Nimble-WEB|world/NC2016_2054.jpg||N||consistent
Removal|NC2016_2606|probe/NC2016_2606.jpg|||||N|none||complex|N|Y|N|Nimble-WEB|world/NC2016_2054.jpg||N||consistent
Removal|NC2016_2624|probe/NC2016_2624.jpg|||||N|none||complex|N|Y|N|Nimble-SCI|world/NC2016_3272.jpg|same|N|probe/NC2016_7105.jpg|
Removal|NC2016_2907|probe/NC2016_2907.jpg|||||N|none||complex|N|Y|N|Nimble-SCI|world/NC2016_4264.jpg|same|N|probe/NC2016_7301.jpg|
Removal|NC2016_2942|probe/NC2016_2942.jpg|||||N|none||complex|N|N|Y|Nimble-WEB|world/NC2016_6510.jpg||N||consistent
Removal|NC2016_3042|probe/NC2016_3042.jpg|||||N|none||simple|N|Y|N|Nimble-WEB|world/NC2016_4120.jpg||N||inconsistent
Removal|NC2016_3187|probe/NC2016_3187.jpg|||||N|none||simple|N|Y|N|Nimble-WEB|world/NC2016_7626.jpg||N||consistent
Removal|NC2016_3253|probe/NC2016_3253.jpg|||||N|none||simple|N|Y|N|Nimble-WEB|world/NC2016_2481.jpg||N||inconsistent
Removal|NC2016_3304|probe/NC2016_3304.jpg|||||N|none||complex|N|Y|N|Nimble-SCI|world/NC2016_1091.jpg|same|N|probe/NC2016_0820.jpg|
Removal|NC2016_3335|probe/NC2016_3335.jpg|||||N|none||complex|N|Y|N|Nimble-SCI|world/NC2016_0159.jpg|same|N|probe/NC2016_0098.jpg|
Removal|NC2016_3382|probe/NC2016_3382.jpg|||||N|none||complex|N|Y|N|Nimble-SCI|world/NC2016_7593.jpg|different|N|probe/NC2016_9236.jpg|
Removal|NC2016_3563|probe/NC2016_3563.jpg|||||N|none||simple|N|Y|N|Nimble-WEB|world/NC2016_9194.jpg||N||inconsistent
Removal|NC2016_3601|probe/NC2016_3601.jpg|||||N|none||complex|N|Y|N|Nimble-WEB|world/NC2016_4120.jpg||N||inconsistent
Removal|NC2016_3612|probe/NC2016_3612.jpg|||||N|none||complex|N|Y|N|Nimble-SCI|world/NC2016_1806.jpg|same|N|probe/NC2016_4908.jpg|
Removal|NC2016_3627|probe/NC2016_3627.jpg|||||N|none||simple|N|N|Y|Nimble-WEB|world/NC2016_2586.jpg||N||consistent
Removal|NC2016_3660|probe/NC2016_3660.jpg|||||N|none||complex|N|N|Y|Nimble-WEB|world/NC2016_8438.jpg||N||consistent
Removal|NC2016_3666|probe/NC2016_3666.jpg|||||N|none||simple|N|N|Y|Nimble-WEB|world/NC2016_8438.jpg||N||consistent
Removal|NC2016_3704|probe/NC2016_3704.jpg|||||N|none||simple|N|Y|N|Nimble-SCI|world/NC2016_8410.jpg|different|N|probe/NC2016_6402.jpg|
Removal|NC2016_3707|probe/NC2016_3707.jpg|||||N|none||simple|N|Y|N|Nimble-SCI|world/NC2016_1091.jpg|same|N|probe/NC2016_0820.jpg|
Removal|NC2016_3732|probe/NC2016_3732.jpg|||||N|none||simple|N|Y|N|Nimble-SCI|world/NC2016_8858.jpg|same|N|probe/NC2016_5000.jpg|
Removal|NC2016_3829|probe/NC2016_3829.jpg|||||N|none||simple|N|Y|N|Nimble-WEB|world/NC2016_2999.jpg||N||inconsistent
Removal|NC2016_3832|probe/NC2016_3832.jpg|||||N|none||simple|N|Y|N|Nimble-SCI|world/NC2016_6267.jpg|different|N|probe/NC2016_7273.jpg|
Removal|NC2016_3854|probe/NC2016_3854.jpg|||||N|none||complex|N|N|Y|Nimble-WEB|world/NC2016_3600.jpg||N||consistent
Removal|NC2016_3938|probe/NC2016_3938.jpg|||||N|none||simple|N|N|Y|Nimble-WEB|world/NC2016_0276.jpg||N||inconsistent
Removal|NC2016_4084|probe/NC2016_4084.jpg|||||N|none||complex|N|Y|N|Nimble-SCI|world/NC2016_6721.jpg|same|N|probe/NC2016_9042.jpg|
Removal|NC2016_4175|probe/NC2016_4175.jpg|||||N|none||simple|N|Y|N|Nimble-WEB|world/NC2016_2311.jpg||N||inconsistent
Removal|NC2016_4247|probe/NC2016_4247.jpg|||||N|none||simple|N|Y|N|Nimble-WEB|world/NC2016_3796.jpg||N||consistent
Removal|NC2016_4274|probe/NC2016_4274.jpg|||||N|none||complex|N|Y|N|Nimble-WEB|world/NC2016_7624.jpg||N||consistent
Removal|NC2016_4300|probe/NC2016_4300.jpg|||||N|none||simple|N|Y|N|Nimble-WEB|world/NC2016_4120.jpg||N||consistent
Removal|NC2016_4327|probe/NC2016_4327.jpg|||||N|none||simple|N|Y|N|Nimble-SCI|world/NC2016_8410.jpg|same|N|probe/NC2016_6402.jpg|
Removal|NC2016_4360|probe/NC2016_4360.jpg|||||N|none||complex|N|Y|N|Nimble-SCI|world/NC2016_6611.jpg|different|N|probe/NC2016_1956.jpg|
Removal|NC2016_4428|probe/NC2016_4428.jpg|||||N|none||simple|N|Y|N|Nimble-SCI|world/NC2016_0159.jpg|different|N|probe/NC2016_0098.jpg|
Removal|NC2016_4498|probe/NC2016_4498.jpg|||||N|none||complex|N|N|Y|Nimble-WEB|world/NC2016_0545.jpg||N||consistent
Removal|NC2016_4534|probe/NC2016_4534.jpg|||||N|none||simple|N|Y|N|Nimble-SCI|world/NC2016_0159.jpg|same|N|probe/NC2016_0098.jpg|
Removal|NC2016_4571|probe/NC2016_4571.jpg|||||N|none||simple|N|Y|N|Nimble-SCI|world/NC2016_4264.jpg|different|N|probe/NC2016_7301.jpg|
Removal|NC2016_4604|probe/NC2016_4604.jpg|||||N|none||simple|N|N|Y|Nimble-WEB|world/NC2016_6662.jpg||N||inconsistent
Removal|NC2016_4621|probe/NC2016_4621.jpg|||||N|none||complex|N|Y|N|Nimble-SCI|world/NC2016_6575.jpg|same|N|probe/NC2016_0324.jpg|
Removal|NC2016_4651|probe/NC2016_4651.jpg|||||N|none||simple|N|N|Y|Nimble-WEB|world/NC2016_7685.jpg||N||consistent
Removal|NC2016_4699|probe/NC2016_4699.jpg|||||N|none||complex|N|Y|N|Nimble-SCI|world/NC2016_4267.jpg|different|N|probe/NC2016_4649.jpg|
Removal|NC2016_4730|probe/NC2016_4730.jpg|||||N|none||complex|N|Y|N|Nimble-WEB|world/NC2016_7626.jpg||N||inconsistent
Removal|NC2016_4804|probe/NC2016_4804.jpg|||||N|none||simple|N|Y|N|Nimble-SCI|world/NC2016_4264.jpg|same|N|probe/NC2016_7301.jpg|
Removal|NC2016_4883|probe/NC2016_4883.jpg|||||N|none||complex|N|Y|N|Nimble-SCI|world/NC2016_4530.jpg|same|N|probe/NC2016_4640.jpg|
Removal|NC2016_4940|probe/NC2016_4940.jpg|||||N|none||complex|N|N|Y|Nimble-WEB|world/NC2016_2367.jpg||N||consistent
Removal|NC2016_5131|probe/NC2016_5131.jpg|||||N|none||complex|N|Y|N|Nimble-SCI|world/NC2016_8858.jpg|same|N|probe/NC2016_5000.jpg|
Removal|NC2016_5182|probe/NC2016_5182.jpg|||||N|none||simple|N|Y|N|Nimble-WEB|world/NC2016_3735.jpg||N||consistent
Removal|NC2016_5243|probe/NC2016_5243.jpg|||||N|none||simple|N|N|Y|Nimble-WEB|world/NC2016_5533.jpg||N||inconsistent
Removal|NC2016_5270|probe/NC2016_5270.jpg|||||N|none||complex|N|N|Y|Nimble-WEB|world/NC2016_5510.jpg||N||consistent
Removal|NC2016_5290|probe/NC2016_5290.jpg|||||N|none||complex|N|N|Y|Nimble-WEB|world/NC2016_0359.jpg||N||consistent
Removal|NC2016_5343|probe/NC2016_5343.jpg|||||N|none||complex|N|Y|N|Nimble-WEB|world/NC2016_7624.jpg||N||inconsistent
Removal|NC2016_5397|probe/NC2016_5397.jpg|||||N|none||complex|N|Y|N|Nimble-SCI|world/NC2016_5601.jpg|different|N|probe/NC2016_1262.jpg|
Removal|NC2016_5442|probe/NC2016_5442.jpg|||||N|none||simple|N|N|Y|Nimble-WEB|world/NC2016_6510.jpg||N||consistent
Removal|NC2016_5444|probe/NC2016_5444.jpg|||||N|none||simple|N|N|Y|Nimble-WEB|world/NC2016_0545.jpg||N||inconsistent
Removal|NC2016_5446|probe/NC2016_5446.jpg|||||N|none||complex|N|Y|N|Nimble-WEB|world/NC2016_3796.jpg||N||inconsistent
Removal|NC2016_5749|probe/NC2016_5749.jpg|||||N|none||simple|N|Y|N|Nimble-WEB|world/NC2016_4761.jpg||N||consistent
Removal|NC2016_5892|probe/NC2016_5892.jpg|||||N|none||simple|N|Y|N|Nimble-SCI|world/NC2016_6575.jpg|same|N|probe/NC2016_0324.jpg|
Removal|NC2016_5921|probe/NC2016_5921.jpg|||||N|none||complex|N|Y|N|Nimble-SCI|world/NC2016_7734.jpg|same|N|probe/NC2016_6301.jpg|
Removal|NC2016_5937|probe/NC2016_5937.jpg|||||N|none||complex|N|Y|N|Nimble-SCI|world/NC2016_2857.jpg|same|N|probe/NC2016_7402.jpg|
Removal|NC2016_5943|probe/NC2016_5943.jpg|||||N|none||simple|N|Y|N|Nimble-WEB|world/NC2016_2054.jpg||N||inconsistent
Removal|NC2016_6011|probe/NC2016_6011.jpg|||||N|none||simple|N|Y|N|Nimble-SCI|world/NC2016_6611.jpg|different|N|probe/NC2016_1956.jpg|
Removal|NC2016_6014|probe/NC2016_6014.jpg|||||N|none||simple|N|Y|N|Nimble-WEB|world/NC2016_4761.jpg||N||inconsistent
Removal|NC2016_6040|probe/NC2016_6040.jpg|||||N|none||simple|N|Y|N|Nimble-WEB|world/NC2016_9871.jpg||N||consistent
Removal|NC2016_6069|probe/NC2016_6069.jpg|||||N|none||simple|N|Y|N|Nimble-WEB|world/NC2016_3796.jpg||N||inconsistent
Removal|NC2016_6116|probe/NC2016_6116.jpg|||||N|none||simple|N|Y|N|Nimble-SCI|world/NC2016_4267.jpg|different|N|probe/NC2016_4649.jpg|
Removal|NC2016_6142|probe/NC2016_6142.jpg|||||N|none||simple|N|Y|N|Nimble-SCI|world/NC2016_4530.jpg|same|N|probe/NC2016_4640.jpg|
Removal|NC2016_6253|probe/NC2016_6253.jpg|||||N|none||simple|N|Y|N|Nimble-WEB|world/NC2016_1608.jpg||N||consistent
Removal|NC2016_6260|probe/NC2016_6260.jpg|||||N|none||simple|N|Y|N|Nimble-SCI|world/NC2016_4530.jpg|different|N|probe/NC2016_4640.jpg|
Removal|NC2016_6287|probe/NC2016_6287.jpg|||||N|none||complex|N|Y|N|Nimble-WEB|world/NC2016_1608.jpg||N||inconsistent
Removal|NC2016_6312|probe/NC2016_6312.jpg|||||N|none||complex|N|Y|N|Nimble-SCI|world/NC2016_6267.jpg|same|N|probe/NC2016_7273.jpg|
Removal|NC2016_6343|probe/NC2016_6343.jpg|||||N|none||complex|N|Y|N|Nimble-SCI|world/NC2016_9067.jpg|same|N|probe/NC2016_2979.jpg|
Removal|NC2016_6391|probe/NC2016_6391.jpg|||||N|none||complex|N|Y|N|Nimble-SCI|world/NC2016_8858.jpg|different|N|probe/NC2016_5000.jpg|
Removal|NC2016_6438|probe/NC2016_6438.jpg|||||N|none||complex|N|N|Y|Nimble-WEB|world/NC2016_7685.jpg||N||consistent
Removal|NC2016_6572|probe/NC2016_6572.jpg|||||N|none||simple|N|Y|N|Nimble-WEB|world/NC2016_7624.jpg||N||consistent
Removal|NC2016_6651|probe/NC2016_6651.jpg|||||N|none||complex|N|Y|N|Nimble-WEB|world/NC2016_8929.jpg||N||consistent
Removal|NC2016_6757|probe/NC2016_6757.jpg|||||N|none||complex|N|N|Y|Nimble-WEB|world/NC2016_5825.jpg||N||consistent
Removal|NC2016_6802|probe/NC2016_6802.jpg|||||N|none||complex|N|Y|N|Nimble-WEB|world/NC2016_7626.jpg||N||consistent
Removal|NC2016_6806|probe/NC2016_6806.jpg|||||N|none||complex|N|N|Y|Nimble-WEB|world/NC2016_5533.jpg||N||consistent
Removal|NC2016_6817|probe/NC2016_6817.jpg|||||N|none||simple|N|Y|N|Nimble-WEB|world/NC2016_7578.jpg||N||consistent
Removal|NC2016_6849|probe/NC2016_6849.jpg|||||N|none||complex|N|Y|N|Nimble-SCI|world/NC2016_5601.jpg|same|N|probe/NC2016_1262.jpg|
Removal|NC2016_6888|probe/NC2016_6888.jpg|||||N|none||simple|N|Y|N|Nimble-SCI|world/NC2016_8858.jpg|different|N|probe/NC2016_5000.jpg|
Removal|NC2016_6890|probe/NC2016_6890.jpg|||||N|none||complex|N|N|Y|Nimble-WEB|world/NC2016_0129.jpg||N||consistent
Removal|NC2016_7023|probe/NC2016_7023.jpg|||||N|none||simple|N|Y|N|Nimble-SCI|world/NC2016_7593.jpg|same|N|probe/NC2016_9236.jpg|
Removal|NC2016_7095|probe/NC2016_7095.jpg|||||N|none||simple|N|Y|N|Nimble-SCI|world/NC2016_7734.jpg|same|N|probe/NC2016_6301.jpg|
Removal|NC2016_7146|probe/NC2016_7146.jpg|||||N|none||simple|N|Y|N|Nimble-WEB|world/NC2016_0161.jpg||N||inconsistent
Removal|NC2016_7151|probe/NC2016_7151.jpg|||||N|none||simple|N|Y|N|Nimble-WEB|world/NC2016_8929.jpg||N||consistent
Removal|NC2016_7152|probe/NC2016_7152.jpg|||||N|none||simple|N|N|Y|Nimble-WEB|world/NC2016_2367.jpg||N||consistent
Removal|NC2016_7312|probe/NC2016_7312.jpg|||||N|none||complex|N|Y|N|Nimble-WEB|world/NC2016_3735.jpg||N||inconsistent
Removal|NC2016_7352|probe/NC2016_7352.jpg|||||N|none||simple|N|Y|N|Nimble-SCI|world/NC2016_3272.jpg|different|N|probe/NC2016_7105.jpg|
Removal|NC2016_7359|probe/NC2016_7359.jpg|||||N|none||simple|N|Y|N|Nimble-SCI|world/NC2016_1806.jpg|same|N|probe/NC2016_4908.jpg|
Removal|NC2016_7390|probe/NC2016_7390.jpg|||||N|none||simple|N|Y|N|Nimble-WEB|world/NC2016_9871.jpg||N||inconsistent
Removal|NC2016_7398|probe/NC2016_7398.jpg|||||N|none||complex|N|Y|N|Nimble-SCI|world/NC2016_3272.jpg|different|N|probe/NC2016_7105.jpg|
Removal|NC2016_7504|probe/NC2016_7504.jpg|||||N|none||simple|N|Y|N|Nimble-SCI|world/NC2016_0662.jpg|same|N|probe/NC2016_2619.jpg|
Removal|NC2016_7539|probe/NC2016_7539.jpg|||||N|none||complex|N|Y|N|Nimble-SCI|world/NC2016_5008.jpg|same|N|probe/NC2016_6896.jpg|
Removal|NC2016_7572|probe/NC2016_7572.jpg|||||N|none||simple|N|N|Y|Nimble-WEB|world/NC2016_8537.jpg||N||consistent
Removal|NC2016_7587|probe/NC2016_7587.jpg|||||N|none||complex|N|Y|N|Nimble-SCI|world/NC2016_4530.jpg|different|N|probe/NC2016_4640.jpg|
Removal|NC2016_7666|probe/NC2016_7666.jpg|||||N|none||complex|N|Y|N|Nimble-WEB|world/NC2016_9194.jpg||N||inconsistent
Removal|NC2016_7747|probe/NC2016_7747.jpg|||||N|none||complex|N|Y|N|Nimble-WEB|world/NC2016_2054.jpg||N||inconsistent
Removal|NC2016_7894|probe/NC2016_7894.jpg|||||N|none||simple|N|Y|N|Nimble-WEB|world/NC2016_7624.jpg||N||inconsistent
Removal|NC2016_7921|probe/NC2016_7921.jpg|||||N|none||complex|N|Y|N|Nimble-SCI|world/NC2016_6575.jpg|different|N|probe/NC2016_0324.jpg|
Removal|NC2016_8065|probe/NC2016_8065.jpg|||||N|none||simple|N|N|Y|Nimble-WEB|world/NC2016_0129.jpg||N||consistent
Removal|NC2016_8450|probe/NC2016_8450.jpg|||||N|none||complex|N|N|Y|Nimble-WEB|world/NC2016_8537.jpg||N||consistent
Removal|NC2016_8586|probe/NC2016_8586.jpg|||||N|none||complex|N|Y|N|Nimble-WEB|world/NC2016_7578.jpg||N||consistent
Removal|NC2016_8606|probe/NC2016_8606.jpg|||||N|none||complex|N|Y|N|Nimble-SCI|world/NC2016_2857.jpg|different|N|probe/NC2016_7402.jpg|
Removal|NC2016_8629|probe/NC2016_8629.jpg|||||N|none||simple|N|Y|N|Nimble-WEB|world/NC2016_2481.jpg||N||consistent
Removal|NC2016_8682|probe/NC2016_8682.jpg|||||N|none||complex|N|Y|N|Nimble-SCI|world/NC2016_0662.jpg|different|N|probe/NC2016_2619.jpg|
Removal|NC2016_8720|probe/NC2016_8720.jpg|||||N|none||complex|N|Y|N|Nimble-WEB|world/NC2016_9871.jpg||N||consistent
Removal|NC2016_8736|probe/NC2016_8736.jpg|||||N|none||complex|N|N|Y|Nimble-WEB|world/NC2016_6662.jpg||N||consistent
Removal|NC2016_8769|probe/NC2016_8769.jpg|||||N|none||complex|N|N|Y|Nimble-WEB|world/NC2016_8427.jpg||N||consistent
Removal|NC2016_8834|probe/NC2016_8834.jpg|||||N|none||complex|N|Y|N|Nimble-WEB|world/NC2016_3796.jpg||N||consistent
Removal|NC2016_8965|probe/NC2016_8965.jpg|||||N|none||simple|N|N|Y|Nimble-WEB|world/NC2016_5825.jpg||N||inconsistent
Removal|NC2016_8980|probe/NC2016_8980.jpg|||||N|none||simple|N|Y|N|Nimble-WEB|world/NC2016_7626.jpg||N||inconsistent
Removal|NC2016_9014|probe/NC2016_9014.jpg|||||N|none||complex|N|Y|N|Nimble-SCI|world/NC2016_6611.jpg|same|N|probe/NC2016_1956.jpg|
Removal|NC2016_9055|probe/NC2016_9055.jpg|||||N|none||simple|N|Y|N|Nimble-SCI|world/NC2016_4267.jpg|same|N|probe/NC2016_4649.jpg|
Removal|NC2016_9112|probe/NC2016_9112.jpg|||||N|none||complex|N|Y|N|Nimble-SCI|world/NC2016_4267.jpg|same|N|probe/NC2016_4649.jpg|
Removal|NC2016_9317|probe/NC2016_9317.jpg|||||N|none||simple|N|Y|N|Nimble-SCI|world/NC2016_9067.jpg|different|N|probe/NC2016_2979.jpg|
Removal|NC2016_9445|probe/NC2016_9445.jpg|||||N|none||complex|N|Y|N|Nimble-WEB|world/NC2016_4761.jpg||N||consistent
Removal|NC2016_9453|probe/NC2016_9453.jpg|||||N|none||simple|N|Y|N|Nimble-SCI|world/NC2016_6575.jpg|different|N|probe/NC2016_0324.jpg|
Removal|NC2016_9463|probe/NC2016_9463.jpg|||||N|none||complex|N|N|Y|Nimble-WEB|world/NC2016_0276.jpg||N||consistent
Removal|NC2016_9513|probe/NC2016_9513.jpg|||||N|none||complex|N|Y|N|Nimble-SCI|world/NC2016_7593.jpg|same|N|probe/NC2016_9236.jpg|
Removal|NC2016_9541|probe/NC2016_9541.jpg|||||N|none||simple|N|Y|N|Nimble-SCI|world/NC2016_5008.jpg|same|N|probe/NC2016_6896.jpg|
Removal|NC2016_9628|probe/NC2016_9628.jpg|||||N|none||simple|N|Y|N|Nimble-WEB|world/NC2016_8929.jpg||N||inconsistent
Removal|NC2016_9629|probe/NC2016_9629.jpg|||||N|none||complex|N|Y|N|Nimble-SCI|world/NC2016_6267.jpg|different|N|probe/NC2016_7273.jpg|
Removal|NC2016_9647|probe/NC2016_9647.jpg|||||N|none||complex|N|Y|N|Nimble-SCI|world/NC2016_1806.jpg|different|N|probe/NC2016_4908.jpg|
Removal|NC2016_9766|probe/NC2016_9766.jpg|||||N|none||simple|N|Y|N|Nimble-WEB|world/NC2016_3735.jpg||N||inconsistent
Removal|NC2016_9857|probe/NC2016_9857.jpg|||||N|none||simple|N|Y|N|Nimble-SCI|world/NC2016_2857.jpg|different|N|probe/NC2016_7402.jpg|
Removal|NC2016_9868|probe/NC2016_9868.jpg|||||N|none||simple|N|Y|N|Nimble-WEB|world/NC2016_1608.jpg||N||inconsistent
Removal|NC2016_9904|probe/NC2016_9904.jpg|||||N|none||simple|N|Y|N|Nimble-WEB|world/NC2016_7578.jpg||N||inconsistent
Removal|NC2016_9984|probe/NC2016_9984.jpg|||||N|none||complex|N|Y|N|Nimble-SCI|world/NC2016_8410.jpg|same|N|probe/NC2016_6402.jpg|
Removal|NC2016_0048|probe/NC2016_0048.jpg|||||N|rescale||complex|N|Y|N|Nimble-WEB|world/NC2016_2481.jpg||N||inconsistent
Removal|NC2016_0202|probe/NC2016_0202.jpg|||||N|rescale||simple|N|Y|N|Nimble-WEB|world/NC2016_9871.jpg||N||consistent
Removal|NC2016_0229|probe/NC2016_0229.jpg|||||N|rescale||simple|N|Y|N|Nimble-SCI|world/NC2016_4264.jpg|same|N|probe/NC2016_7301.jpg|
Removal|NC2016_0286|probe/NC2016_0286.jpg|||||N|rescale||complex|N|Y|N|Nimble-SCI|world/NC2016_8858.jpg|same|N|probe/NC2016_5000.jpg|
Removal|NC2016_0299|probe/NC2016_0299.jpg|||||N|rescale||complex|N|Y|N|Nimble-WEB|world/NC2016_8929.jpg||N||consistent
Removal|NC2016_0351|probe/NC2016_0351.jpg|||||N|rescale||simple|N|N|Y|Nimble-WEB|world/NC2016_8537.jpg||N||consistent
Removal|NC2016_0394|probe/NC2016_0394.jpg|||||N|rescale||complex|N|Y|N|Nimble-SCI|world/NC2016_7734.jpg|same|N|probe/NC2016_6301.jpg|
Removal|NC2016_0408|probe/NC2016_0408.jpg|||||N|rescale||complex|N|Y|N|Nimble-SCI|world/NC2016_4530.jpg|same|N|probe/NC2016_4640.jpg|
Removal|NC2016_0569|probe/NC2016_0569.jpg|||||N|rescale||simple|N|N|Y|Nimble-WEB|world/NC2016_7685.jpg||N||consistent
Removal|NC2016_0571|probe/NC2016_0571.jpg|||||N|rescale||complex|N|Y|N|Nimble-WEB|world/NC2016_3735.jpg||N||inconsistent
Removal|NC2016_0589|probe/NC2016_0589.jpg|||||N|rescale||simple|N|Y|N|Nimble-SCI|world/NC2016_9067.jpg|same|N|probe/NC2016_2979.jpg|
Removal|NC2016_0596|probe/NC2016_0596.jpg|||||N|rescale||complex|N|Y|N|Nimble-WEB|world/NC2016_7624.jpg||N||inconsistent
Removal|NC2016_0600|probe/NC2016_0600.jpg|||||N|rescale||complex|N|Y|N|Nimble-SCI|world/NC2016_0159.jpg|same|N|probe/NC2016_0098.jpg|
Removal|NC2016_0625|probe/NC2016_0625.jpg|||||N|rescale||simple|N|Y|N|Nimble-SCI|world/NC2016_6721.jpg|different|N|probe/NC2016_9042.jpg|
Removal|NC2016_0787|probe/NC2016_0787.jpg|||||N|rescale||simple|N|Y|N|Nimble-WEB|world/NC2016_3796.jpg||N||consistent
Removal|NC2016_0800|probe/NC2016_0800.jpg|||||N|rescale||complex|N|Y|N|Nimble-WEB|world/NC2016_7626.jpg||N||consistent
Removal|NC2016_0876|probe/NC2016_0876.jpg|||||N|rescale||complex|N|Y|N|Nimble-SCI|world/NC2016_1806.jpg|same|N|probe/NC2016_4908.jpg|
Removal|NC2016_0942|probe/NC2016_0942.jpg|||||N|rescale||complex|N|Y|N|Nimble-WEB|world/NC2016_2054.jpg||N||consistent
Removal|NC2016_0957|probe/NC2016_0957.jpg|||||N|rescale||complex|N|Y|N|Nimble-WEB|world/NC2016_2481.jpg||N||consistent
Removal|NC2016_0963|probe/NC2016_0963.jpg|||||N|rescale||simple|N|Y|N|Nimble-WEB|world/NC2016_7578.jpg||N||inconsistent
Removal|NC2016_1094|probe/NC2016_1094.jpg|||||N|rescale||simple|N|Y|N|Nimble-SCI|world/NC2016_2857.jpg|different|N|probe/NC2016_7402.jpg|
Removal|NC2016_1125|probe/NC2016_1125.jpg|||||N|rescale||complex|N|Y|N|Nimble-SCI|world/NC2016_6611.jpg|same|N|probe/NC2016_1956.jpg|
Removal|NC2016_1255|probe/NC2016_1255.jpg|||||N|rescale||simple|N|N|Y|Nimble-WEB|world/NC2016_6510.jpg||N||consistent
Removal|NC2016_1379|probe/NC2016_1379.jpg|||||N|rescale||complex|N|Y|N|Nimble-WEB|world/NC2016_9871.jpg||N||inconsistent
Removal|NC2016_1475|probe/NC2016_1475.jpg|||||N|rescale||simple|N|Y|N|Nimble-SCI|world/NC2016_0159.jpg|same|N|probe/NC2016_0098.jpg|
Removal|NC2016_1532|probe/NC2016_1532.jpg|||||N|rescale||simple|N|Y|N|Nimble-WEB|world/NC2016_1608.jpg||N||consistent
Removal|NC2016_1543|probe/NC2016_1543.jpg|||||N|rescale||simple|N|Y|N|Nimble-WEB|world/NC2016_9871.jpg||N||inconsistent
Removal|NC2016_1728|probe/NC2016_1728.jpg|||||N|rescale||complex|N|Y|N|Nimble-WEB|world/NC2016_9871.jpg||N||consistent
Removal|NC2016_1758|probe/NC2016_1758.jpg|||||N|rescale||simple|N|Y|N|Nimble-WEB|world/NC2016_7624.jpg||N||inconsistent
Removal|NC2016_1825|probe/NC2016_1825.jpg|||||N|rescale||simple|N|Y|N|Nimble-WEB|world/NC2016_0161.jpg||N||inconsistent
Removal|NC2016_1857|probe/NC2016_1857.jpg|||||N|rescale||simple|N|Y|N|Nimble-WEB|world/NC2016_7626.jpg||N||inconsistent
Removal|NC2016_1933|probe/NC2016_1933.jpg|||||N|rescale||complex|N|Y|N|Nimble-SCI|world/NC2016_8410.jpg|same|N|probe/NC2016_6402.jpg|
Removal|NC2016_1946|probe/NC2016_1946.jpg|||||N|rescale||simple|N|Y|N|Nimble-SCI|world/NC2016_4530.jpg|same|N|probe/NC2016_4640.jpg|
Removal|NC2016_2023|probe/NC2016_2023.jpg|||||N|rescale||complex|N|Y|N|Nimble-SCI|world/NC2016_4267.jpg|same|N|probe/NC2016_4649.jpg|
Removal|NC2016_2027|probe/NC2016_2027.jpg|||||N|rescale||simple|N|Y|N|Nimble-WEB|world/NC2016_0161.jpg||N||consistent
Removal|NC2016_2040|probe/NC2016_2040.jpg|||||N|rescale||simple|N|Y|N|Nimble-SCI|world/NC2016_4267.jpg|different|N|probe/NC2016_4649.jpg|
Removal|NC2016_2080|probe/NC2016_2080.jpg|||||N|rescale||complex|N|Y|N|Nimble-SCI|world/NC2016_1806.jpg|different|N|probe/NC2016_4908.jpg|
Removal|NC2016_2255|probe/NC2016_2255.jpg|||||N|rescale||complex|N|N|Y|Nimble-WEB|world/NC2016_8438.jpg||N||consistent
Removal|NC2016_2304|probe/NC2016_2304.jpg|||||N|rescale||simple|N|Y|N|Nimble-WEB|world/NC2016_2481.jpg||N||consistent
Removal|NC2016_2305|probe/NC2016_2305.jpg|||||N|rescale||simple|N|Y|N|Nimble-SCI|world/NC2016_0159.jpg|different|N|probe/NC2016_0098.jpg|
Removal|NC2016_2403|probe/NC2016_2403.jpg|||||N|rescale||complex|N|Y|N|Nimble-WEB|world/NC2016_7626.jpg||N||inconsistent
Removal|NC2016_2441|probe/NC2016_2441.jpg|||||N|rescale||simple|N|N|Y|Nimble-WEB|world/NC2016_8427.jpg||N||inconsistent
Removal|NC2016_2550|probe/NC2016_2550.jpg|||||N|rescale||simple|N|Y|N|Nimble-SCI|world/NC2016_6575.jpg|different|N|probe/NC2016_0324.jpg|
Removal|NC2016_2649|probe/NC2016_2649.jpg|||||N|rescale||simple|N|Y|N|Nimble-SCI|world/NC2016_0662.jpg|different|N|probe/NC2016_2619.jpg|
Removal|NC2016_2666|probe/NC2016_2666.jpg|||||N|rescale||complex|N|Y|N|Nimble-SCI|world/NC2016_6575.jpg|same|N|probe/NC2016_0324.jpg|
Removal|NC2016_2722|probe/NC2016_2722.jpg|||||N|rescale||complex|N|Y|N|Nimble-WEB|world/NC2016_8929.jpg||N||inconsistent
Removal|NC2016_2754|probe/NC2016_2754.jpg|||||N|rescale||simple|N|Y|N|Nimble-WEB|world/NC2016_2481.jpg||N||inconsistent
Removal|NC2016_2785|probe/NC2016_2785.jpg|||||N|rescale||complex|N|N|Y|Nimble-WEB|world/NC2016_7685.jpg||N||consistent
Removal|NC2016_2835|probe/NC2016_2835.jpg|||||N|rescale||simple|N|Y|N|Nimble-WEB|world/NC2016_3735.jpg||N||inconsistent
Removal|NC2016_3001|probe/NC2016_3001.jpg|||||N|rescale||simple|N|Y|N|Nimble-SCI|world/NC2016_8858.jpg|same|N|probe/NC2016_5000.jpg|
Removal|NC2016_3004|probe/NC2016_3004.jpg|||||N|rescale||complex|N|N|Y|Nimble-WEB|world/NC2016_3600.jpg||N||consistent
Removal|NC2016_3010|probe/NC2016_3010.jpg|||||N|rescale||simple|N|Y|N|Nimble-WEB|world/NC2016_2999.jpg||N||consistent
Removal|NC2016_3059|probe/NC2016_3059.jpg|||||N|rescale||complex|N|Y|N|Nimble-SCI|world/NC2016_1091.jpg|different|N|probe/NC2016_0820.jpg|
Removal|NC2016_3067|probe/NC2016_3067.jpg|||||N|rescale||complex|N|N|Y|Nimble-WEB|world/NC2016_0129.jpg||N||consistent
Removal|NC2016_3092|probe/NC2016_3092.jpg|||||N|rescale||complex|N|Y|N|Nimble-SCI|world/NC2016_4264.jpg|different|N|probe/NC2016_7301.jpg|
Removal|NC2016_3204|probe/NC2016_3204.jpg|||||N|rescale||complex|N|Y|N|Nimble-WEB|world/NC2016_9194.jpg||N||consistent
Removal|NC2016_3312|probe/NC2016_3312.jpg|||||N|rescale||complex|N|Y|N|Nimble-SCI|world/NC2016_3272.jpg|same|N|probe/NC2016_7105.jpg|
Removal|NC2016_3432|probe/NC2016_3432.jpg|||||N|rescale||simple|N|Y|N|Nimble-SCI|world/NC2016_5601.jpg|same|N|probe/NC2016_1262.jpg|
Removal|NC2016_3476|probe/NC2016_3476.jpg|||||N|rescale||complex|N|Y|N|Nimble-SCI|world/NC2016_3272.jpg|different|N|probe/NC2016_7105.jpg|
Removal|NC2016_3491|probe/NC2016_3491.jpg|||||N|rescale||simple|N|Y|N|Nimble-SCI|world/NC2016_4264.jpg|different|N|probe/NC2016_7301.jpg|
Removal|NC2016_3577|probe/NC2016_3577.jpg|||||N|rescale||complex|N|N|Y|Nimble-WEB|world/NC2016_5533.jpg||N||consistent
Removal|NC2016_3595|probe/NC2016_3595.jpg|||||N|rescale||simple|N|Y|N|Nimble-WEB|world/NC2016_7624.jpg||N||consistent
Removal|NC2016_3675|probe/NC2016_3675.jpg|||||N|rescale||simple|N|Y|N|Nimble-SCI|world/NC2016_3272.jpg|different|N|probe/NC2016_7105.jpg|
Removal|NC2016_3680|probe/NC2016_3680.jpg|||||N|rescale||simple|N|N|Y|Nimble-WEB|world/NC2016_6662.jpg||N||inconsistent
Removal|NC2016_3906|probe/NC2016_3906.jpg|||||N|rescale||complex|N|Y|N|Nimble-WEB|world/NC2016_2054.jpg||N||inconsistent
Removal|NC2016_3953|probe/NC2016_3953.jpg|||||N|rescale||complex|N|Y|N|Nimble-SCI|world/NC2016_5008.jpg|same|N|probe/NC2016_6896.jpg|
Removal|NC2016_4009|probe/NC2016_4009.jpg|||||N|rescale||simple|N|N|Y|Nimble-WEB|world/NC2016_8438.jpg||N||consistent
Removal|NC2016_4049|probe/NC2016_4049.jpg|||||N|rescale||complex|N|Y|N|Nimble-SCI|world/NC2016_8858.jpg|different|N|probe/NC2016_5000.jpg|
Removal|NC2016_4053|probe/NC2016_4053.jpg|||||N|rescale||complex|N|Y|N|Nimble-SCI|world/NC2016_4530.jpg|different|N|probe/NC2016_4640.jpg|
Removal|NC2016_4076|probe/NC2016_4076.jpg|||||N|rescale||simple|N|Y|N|Nimble-SCI|world/NC2016_4267.jpg|same|N|probe/NC2016_4649.jpg|
Removal|NC2016_4145|probe/NC2016_4145.jpg|||||N|rescale||complex|N|Y|N|Nimble-WEB|world/NC2016_4761.jpg||N||consistent
Removal|NC2016_4188|probe/NC2016_4188.jpg|||||N|rescale||simple|N|N|Y|Nimble-WEB|world/NC2016_0129.jpg||N||consistent
Removal|NC2016_4190|probe/NC2016_4190.jpg|||||N|rescale||complex|N|N|Y|Nimble-WEB|world/NC2016_6662.jpg||N||consistent
Removal|NC2016_4211|probe/NC2016_4211.jpg|||||N|rescale||simple|N|Y|N|Nimble-SCI|world/NC2016_6575.jpg|same|N|probe/NC2016_0324.jpg|
Removal|NC2016_4363|probe/NC2016_4363.jpg|||||N|rescale||simple|N|Y|N|Nimble-SCI|world/NC2016_5008.jpg|different|N|probe/NC2016_6896.jpg|
Removal|NC2016_4432|probe/NC2016_4432.jpg|||||N|rescale||simple|N|Y|N|Nimble-SCI|world/NC2016_8858.jpg|different|N|probe/NC2016_5000.jpg|
Removal|NC2016_4437|probe/NC2016_4437.jpg|||||N|rescale||complex|N|Y|N|Nimble-SCI|world/NC2016_1091.jpg|same|N|probe/NC2016_0820.jpg|
Removal|NC2016_4463|probe/NC2016_4463.jpg|||||N|rescale||complex|N|Y|N|Nimble-WEB|world/NC2016_2311.jpg||N||consistent
Removal|NC2016_4512|probe/NC2016_4512.jpg|||||N|rescale||simple|N|N|Y|Nimble-WEB|world/NC2016_0545.jpg||N||inconsistent
Removal|NC2016_4528|probe/NC2016_4528.jpg|||||N|rescale||simple|N|Y|N|Nimble-WEB|world/NC2016_2999.jpg||N||inconsistent
Removal|NC2016_4544|probe/NC2016_4544.jpg|||||N|rescale||simple|N|Y|N|Nimble-SCI|world/NC2016_7734.jpg|same|N|probe/NC2016_6301.jpg|
Removal|NC2016_4549|probe/NC2016_4549.jpg|||||N|rescale||complex|N|N|Y|Nimble-WEB|world/NC2016_7828.jpg||N||consistent
Removal|NC2016_4589|probe/NC2016_4589.jpg|||||N|rescale||complex|N|N|Y|Nimble-WEB|world/NC2016_5825.jpg||N||consistent
Removal|NC2016_4599|probe/NC2016_4599.jpg|||||N|rescale||complex|N|Y|N|Nimble-WEB|world/NC2016_4120.jpg||N||consistent
Removal|NC2016_4717|probe/NC2016_4717.jpg|||||N|rescale||complex|N|Y|N|Nimble-SCI|world/NC2016_4267.jpg|different|N|probe/NC2016_4649.jpg|
Removal|NC2016_4837|probe/NC2016_4837.jpg|||||N|rescale||simple|N|Y|N|Nimble-WEB|world/NC2016_7578.jpg||N||consistent
Removal|NC2016_4867|probe/NC2016_4867.jpg|||||N|rescale||simple|N|Y|N|Nimble-WEB|world/NC2016_4761.jpg||N||consistent
Removal|NC2016_4896|probe/NC2016_4896.jpg|||||N|rescale||simple|N|Y|N|Nimble-WEB|world/NC2016_1608.jpg||N||inconsistent
Removal|NC2016_4901|probe/NC2016_4901.jpg|||||N|rescale||complex|N|N|Y|Nimble-WEB|world/NC2016_8537.jpg||N||consistent
Removal|NC2016_4936|probe/NC2016_4936.jpg|||||N|rescale||simple|N|Y|N|Nimble-WEB|world/NC2016_2054.jpg||N||consistent
Removal|NC2016_4981|probe/NC2016_4981.jpg|||||N|rescale||complex|N|Y|N|Nimble-WEB|world/NC2016_4120.jpg||N||inconsistent
Removal|NC2016_5064|probe/NC2016_5064.jpg|||||N|rescale||complex|N|Y|N|Nimble-WEB|world/NC2016_3796.jpg||N||inconsistent
Removal|NC2016_5154|probe/NC2016_5154.jpg|||||N|rescale||complex|N|Y|N|Nimble-WEB|world/NC2016_4761.jpg||N||inconsistent
Removal|NC2016_5211|probe/NC2016_5211.jpg|||||N|rescale||simple|N|Y|N|Nimble-WEB|world/NC2016_8929.jpg||N||consistent
Removal|NC2016_5218|probe/NC2016_5218.jpg|||||N|rescale||complex|N|Y|N|Nimble-WEB|world/NC2016_7578.jpg||N||consistent
Removal|NC2016_5512|probe/NC2016_5512.jpg|||||N|rescale||complex|N|Y|N|Nimble-SCI|world/NC2016_9067.jpg|same|N|probe/NC2016_2979.jpg|
Removal|NC2016_5597|probe/NC2016_5597.jpg|||||N|rescale||complex|N|N|Y|Nimble-WEB|world/NC2016_5510.jpg||N||consistent
Removal|NC2016_5645|probe/NC2016_5645.jpg|||||N|rescale||complex|N|N|Y|Nimble-WEB|world/NC2016_0276.jpg||N||consistent
Removal|NC2016_5739|probe/NC2016_5739.jpg|||||N|rescale||simple|N|Y|N|Nimble-WEB|world/NC2016_4761.jpg||N||inconsistent
Removal|NC2016_5781|probe/NC2016_5781.jpg|||||N|rescale||simple|N|Y|N|Nimble-SCI|world/NC2016_5601.jpg|different|N|probe/NC2016_1262.jpg|
Removal|NC2016_5809|probe/NC2016_5809.jpg|||||N|rescale||simple|N|Y|N|Nimble-SCI|world/NC2016_0662.jpg|same|N|probe/NC2016_2619.jpg|
Removal|NC2016_5881|probe/NC2016_5881.jpg|||||N|rescale||complex|N|Y|N|Nimble-SCI|world/NC2016_6575.jpg|different|N|probe/NC2016_0324.jpg|
Removal|NC2016_5884|probe/NC2016_5884.jpg|||||N|rescale||simple|N|Y|N|Nimble-WEB|world/NC2016_9194.jpg||N||inconsistent
Removal|NC2016_6002|probe/NC2016_6002.jpg|||||N|rescale||simple|N|N|Y|Nimble-WEB|world/NC2016_2586.jpg||N||consistent
Removal|NC2016_6005|probe/NC2016_6005.jpg|||||N|rescale||complex|N|Y|N|Nimble-SCI|world/NC2016_5601.jpg|different|N|probe/NC2016_1262.jpg|
Removal|NC2016_6103|probe/NC2016_6103.jpg|||||N|rescale||complex|N|Y|N|Nimble-SCI|world/NC2016_6267.jpg|different|N|probe/NC2016_7273.jpg|
Removal|NC2016_6238|probe/NC2016_6238.jpg|||||N|rescale||simple|N|Y|N|Nimble-SCI|world/NC2016_1806.jpg|same|N|probe/NC2016_4908.jpg|
Removal|NC2016_6426|probe/NC2016_6426.jpg|||||N|rescale||complex|N|Y|N|Nimble-SCI|world/NC2016_9067.jpg|different|N|probe/NC2016_2979.jpg|
Removal|NC2016_6453|probe/NC2016_6453.jpg|||||N|rescale||complex|N|N|Y|Nimble-WEB|world/NC2016_8427.jpg||N||consistent
Removal|NC2016_6456|probe/NC2016_6456.jpg|||||N|rescale||complex|N|Y|N|Nimble-WEB|world/NC2016_3796.jpg||N||consistent
Removal|NC2016_6487|probe/NC2016_6487.jpg|||||N|rescale||simple|N|Y|N|Nimble-SCI|world/NC2016_8410.jpg|different|N|probe/NC2016_6402.jpg|
Removal|NC2016_6505|probe/NC2016_6505.jpg|||||N|rescale||complex|N|Y|N|Nimble-WEB|world/NC2016_0161.jpg||N||inconsistent
Removal|NC2016_6555|probe/NC2016_6555.jpg|||||N|rescale||simple|N|N|Y|Nimble-WEB|world/NC2016_0276.jpg||N||inconsistent
Removal|NC2016_6565|probe/NC2016_6565.jpg|||||N|rescale||simple|N|Y|N|Nimble-SCI|world/NC2016_6267.jpg|different|N|probe/NC2016_7273.jpg|
Removal|NC2016_6619|probe/NC2016_6619.jpg|||||N|rescale||simple|N|Y|N|Nimble-WEB|world/NC2016_9194.jpg||N||consistent
Removal|NC2016_6640|probe/NC2016_6640.jpg|||||N|rescale||simple|N|Y|N|Nimble-WEB|world/NC2016_4120.jpg||N||consistent
Removal|NC2016_6673|probe/NC2016_6673.jpg|||||N|rescale||complex|N|Y|N|Nimble-SCI|world/NC2016_2857.jpg|different|N|probe/NC2016_7402.jpg|
Removal|NC2016_6704|probe/NC2016_6704.jpg|||||N|rescale||simple|N|N|Y|Nimble-WEB|world/NC2016_7828.jpg||N||inconsistent
Removal|NC2016_6733|probe/NC2016_6733.jpg|||||N|rescale||simple|N|Y|N|Nimble-WEB|world/NC2016_2311.jpg||N||consistent
Removal|NC2016_6796|probe/NC2016_6796.jpg|||||N|rescale||complex|N|Y|N|Nimble-WEB|world/NC2016_2999.jpg||N||consistent
Removal|NC2016_6811|probe/NC2016_6811.jpg|||||N|rescale||complex|N|Y|N|Nimble-SCI|world/NC2016_8410.jpg|different|N|probe/NC2016_6402.jpg|
Removal|NC2016_6886|probe/NC2016_6886.jpg|||||N|rescale||complex|N|Y|N|Nimble-WEB|world/NC2016_2311.jpg||N||inconsistent
Removal|NC2016_6889|probe/NC2016_6889.jpg|||||N|rescale||complex|N|Y|N|Nimble-SCI|world/NC2016_2857.jpg|same|N|probe/NC2016_7402.jpg|
Removal|NC2016_6910|probe/NC2016_6910.jpg|||||N|rescale||simple|N|Y|N|Nimble-SCI|world/NC2016_6611.jpg|different|N|probe/NC2016_1956.jpg|
Removal|NC2016_6969|probe/NC2016_6969.jpg|||||N|rescale||complex|N|Y|N|Nimble-WEB|world/NC2016_1608.jpg||N||inconsistent
Removal|NC2016_7025|probe/NC2016_7025.jpg|||||N|rescale||complex|N|Y|N|Nimble-WEB|world/NC2016_9194.jpg||N||inconsistent
Removal|NC2016_7048|probe/NC2016_7048.jpg|||||N|rescale||complex|N|Y|N|Nimble-WEB|world/NC2016_7624.jpg||N||consistent
Removal|NC2016_7067|probe/NC2016_7067.jpg|||||N|rescale||complex|N|Y|N|Nimble-SCI|world/NC2016_6721.jpg|different|N|probe/NC2016_9042.jpg|
Removal|NC2016_7094|probe/NC2016_7094.jpg|||||N|rescale||complex|N|N|Y|Nimble-WEB|world/NC2016_0545.jpg||N||consistent
Removal|NC2016_7262|probe/NC2016_7262.jpg|||||N|rescale||complex|N|Y|N|Nimble-SCI|world/NC2016_7593.jpg|same|N|probe/NC2016_9236.jpg|
Removal|NC2016_7339|probe/NC2016_7339.jpg|||||N|rescale||simple|N|Y|N|Nimble-WEB|world/NC2016_8929.jpg||N||inconsistent
Removal|NC2016_7356|probe/NC2016_7356.jpg|||||N|rescale||simple|N|N|Y|Nimble-WEB|world/NC2016_5533.jpg||N||inconsistent
Removal|NC2016_7420|probe/NC2016_7420.jpg|||||N|rescale||simple|N|Y|N|Nimble-WEB|world/NC2016_2054.jpg||N||inconsistent
Removal|NC2016_7480|probe/NC2016_7480.jpg|||||N|rescale||complex|N|Y|N|Nimble-WEB|world/NC2016_7578.jpg||N||inconsistent
Removal|NC2016_7563|probe/NC2016_7563.jpg|||||N|rescale||complex|N|N|Y|Nimble-WEB|world/NC2016_2586.jpg||N||consistent
Removal|NC2016_7673|probe/NC2016_7673.jpg|||||N|rescale||complex|N|Y|N|Nimble-SCI|world/NC2016_4264.jpg|same|N|probe/NC2016_7301.jpg|
Removal|NC2016_7691|probe/NC2016_7691.jpg|||||N|rescale||complex|N|Y|N|Nimble-SCI|world/NC2016_6267.jpg|same|N|probe/NC2016_7273.jpg|
Removal|NC2016_7737|probe/NC2016_7737.jpg|||||N|rescale||complex|N|Y|N|Nimble-SCI|world/NC2016_5601.jpg|same|N|probe/NC2016_1262.jpg|
Removal|NC2016_7759|probe/NC2016_7759.jpg|||||N|rescale||simple|N|Y|N|Nimble-SCI|world/NC2016_5008.jpg|same|N|probe/NC2016_6896.jpg|
Removal|NC2016_7772|probe/NC2016_7772.jpg|||||N|rescale||simple|N|Y|N|Nimble-SCI|world/NC2016_7734.jpg|different|N|probe/NC2016_6301.jpg|
Removal|NC2016_7878|probe/NC2016_7878.jpg|||||N|rescale||complex|N|Y|N|Nimble-SCI|world/NC2016_5008.jpg|different|N|probe/NC2016_6896.jpg|
Removal|NC2016_7881|probe/NC2016_7881.jpg|||||N|rescale||simple|N|Y|N|Nimble-SCI|world/NC2016_8410.jpg|same|N|probe/NC2016_6402.jpg|
Removal|NC2016_7882|probe/NC2016_7882.jpg|||||N|rescale||complex|N|N|Y|Nimble-WEB|world/NC2016_0359.jpg||N||consistent
Removal|NC2016_7890|probe/NC2016_7890.jpg|||||N|rescale||simple|N|Y|N|Nimble-WEB|world/NC2016_3796.jpg||N||inconsistent
Removal|NC2016_7956|probe/NC2016_7956.jpg|||||N|rescale||complex|N|Y|N|Nimble-SCI|world/NC2016_7734.jpg|different|N|probe/NC2016_6301.jpg|
Removal|NC2016_7989|probe/NC2016_7989.jpg|||||N|rescale||complex|N|N|Y|Nimble-WEB|world/NC2016_2367.jpg||N||consistent
Removal|NC2016_8051|probe/NC2016_8051.jpg|||||N|rescale||complex|N|Y|N|Nimble-WEB|world/NC2016_3735.jpg||N||inconsistent
Removal|NC2016_8067|probe/NC2016_8067.jpg|||||N|rescale||complex|N|Y|N|Nimble-SCI|world/NC2016_0662.jpg|same|N|probe/NC2016_2619.jpg|
Removal|NC2016_8236|probe/NC2016_8236.jpg|||||N|rescale||complex|N|N|Y|Nimble-WEB|world/NC2016_6510.jpg||N||consistent
Removal|NC2016_8265|probe/NC2016_8265.jpg|||||N|rescale||simple|N|N|Y|Nimble-WEB|world/NC2016_5825.jpg||N||inconsistent
Removal|NC2016_8371|probe/NC2016_8371.jpg|||||N|rescale||complex|N|Y|N|Nimble-WEB|world/NC2016_1608.jpg||N||consistent
Removal|NC2016_8411|probe/NC2016_8411.jpg|||||N|rescale||simple|N|Y|N|Nimble-WEB|world/NC2016_3735.jpg||N||consistent
Removal|NC2016_8500|probe/NC2016_8500.jpg|||||N|rescale||simple|N|Y|N|Nimble-SCI|world/NC2016_1091.jpg|different|N|probe/NC2016_0820.jpg|
Removal|NC2016_8581|probe/NC2016_8581.jpg|||||N|rescale||complex|N|Y|N|Nimble-SCI|world/NC2016_0662.jpg|different|N|probe/NC2016_2619.jpg|
Removal|NC2016_8618|probe/NC2016_8618.jpg|||||N|rescale||complex|N|Y|N|Nimble-WEB|world/NC2016_2999.jpg||N||inconsistent
Removal|NC2016_8714|probe/NC2016_8714.jpg|||||N|rescale||simple|N|Y|N|Nimble-SCI|world/NC2016_3272.jpg|same|N|probe/NC2016_7105.jpg|
Removal|NC2016_8738|probe/NC2016_8738.jpg|||||N|rescale||simple|N|Y|N|Nimble-SCI|world/NC2016_6721.jpg|same|N|probe/NC2016_9042.jpg|
Removal|NC2016_8796|probe/NC2016_8796.jpg|||||N|rescale||complex|N|Y|N|Nimble-SCI|world/NC2016_0159.jpg|different|N|probe/NC2016_0098.jpg|
Removal|NC2016_8897|probe/NC2016_8897.jpg|||||N|rescale||simple|N|Y|N|Nimble-SCI|world/NC2016_6267.jpg|same|N|probe/NC2016_7273.jpg|
Removal|NC2016_8900|probe/NC2016_8900.jpg|||||N|rescale||simple|N|Y|N|Nimble-SCI|world/NC2016_1806.jpg|different|N|probe/NC2016_4908.jpg|
Removal|NC2016_8909|probe/NC2016_8909.jpg|||||N|rescale||simple|N|Y|N|Nimble-WEB|world/NC2016_2311.jpg||N||inconsistent
Removal|NC2016_8926|probe/NC2016_8926.jpg|||||N|rescale||complex|N|Y|N|Nimble-WEB|world/NC2016_0161.jpg||N||consistent
Removal|NC2016_9091|probe/NC2016_9091.jpg|||||N|rescale||complex|N|Y|N|Nimble-SCI|world/NC2016_6611.jpg|different|N|probe/NC2016_1956.jpg|
Removal|NC2016_9109|probe/NC2016_9109.jpg|||||N|rescale||simple|N|Y|N|Nimble-WEB|world/NC2016_4120.jpg||N||inconsistent
Removal|NC2016_9186|probe/NC2016_9186.jpg|||||N|rescale||simple|N|N|Y|Nimble-WEB|world/NC2016_5510.jpg||N||inconsistent
Removal|NC2016_9241|probe/NC2016_9241.jpg|||||N|rescale||complex|N|Y|N|Nimble-SCI|world/NC2016_7593.jpg|different|N|probe/NC2016_9236.jpg|
Removal|NC2016_9257|probe/NC2016_9257.jpg|||||N|rescale||simple|N|N|Y|Nimble-WEB|world/NC2016_0359.jpg||N||consistent
Removal|NC2016_9272|probe/NC2016_9272.jpg|||||N|rescale||simple|N|Y|N|Nimble-WEB|world/NC2016_7626.jpg||N||consistent
Removal|NC2016_9381|probe/NC2016_9381.jpg|||||N|rescale||simple|N|Y|N|Nimble-SCI|world/NC2016_9067.jpg|different|N|probe/NC2016_2979.jpg|
Removal|NC2016_9415|probe/NC2016_9415.jpg|||||N|rescale||simple|N|N|Y|Nimble-WEB|world/NC2016_2367.jpg||N||consistent
Removal|NC2016_9437|probe/NC2016_9437.jpg|||||N|rescale||complex|N|Y|N|Nimble-SCI|world/NC2016_6721.jpg|same|N|probe/NC2016_9042.jpg|
Removal|NC2016_9573|probe/NC2016_9573.jpg|||||N|rescale||simple|N|N|Y|Nimble-WEB|world/NC2016_3600.jpg||N||inconsistent
Removal|NC2016_9653|probe/NC2016_9653.jpg|||||N|rescale||simple|N|Y|N|Nimble-SCI|world/NC2016_6611.jpg|same|N|probe/NC2016_1956.jpg|
Removal|NC2016_9691|probe/NC2016_9691.jpg|||||N|rescale||simple|N|Y|N|Nimble-SCI|world/NC2016_7593.jpg|different|N|probe/NC2016_9236.jpg|
Removal|NC2016_9759|probe/NC2016_9759.jpg|||||N|rescale||simple|N|Y|N|Nimble-SCI|world/NC2016_4530.jpg|different|N|probe/NC2016_4640.jpg|
Removal|NC2016_9789|probe/NC2016_9789.jpg|||||N|rescale||simple|N|Y|N|Nimble-SCI|world/NC2016_7593.jpg|same|N|probe/NC2016_9236.jpg|
Removal|NC2016_9790|probe/NC2016_9790.jpg|||||N|rescale||simple|N|Y|N|Nimble-SCI|world/NC2016_2857.jpg|same|N|probe/NC2016_7402.jpg|
Removal|NC2016_9818|probe/NC2016_9818.jpg|||||N|rescale||simple|N|Y|N|Nimble-SCI|world/NC2016_1091.jpg|same|N|probe/NC2016_0820.jpg|
Removal|NC2016_6634|probe/NC2016_6634.jpg|reference/remove/mask/NC2016_0004.png||||Y|none||complex|Y|N|N|Nimble-WEB|world/NC2016_8176.jpg||N||inconsistent
Removal|NC2016_1937|probe/NC2016_1937.jpg|reference/remove/mask/NC2016_0368.png||||Y|none||complex|Y|N|N|Nimble-SCI|world/NC2016_2857.jpg||N|probe/NC2016_5392.jpg|
Removal|NC2016_2618|probe/NC2016_2618.jpg|reference/remove/mask/NC2016_0462.png||||Y|none||complex|Y|N|N|Nimble-WEB|world/NC2016_8176.jpg||N||inconsistent
Removal|NC2016_2772|probe/NC2016_2772.jpg|reference/remove/mask/NC2016_0660.png||||Y|none||simple|Y|N|N|Nimble-WEB|world/NC2016_3625.jpg||N||inconsistent
Removal|NC2016_1967|probe/NC2016_1967.jpg|reference/remove/mask/NC2016_0694.png||||Y|none||simple|Y|N|N|Nimble-SCI|world/NC2016_6267.jpg||N|probe/NC2016_6731.jpg|
Removal|NC2016_3389|probe/NC2016_3389.jpg|reference/remove/mask/NC2016_0784.png||||Y|none||simple|Y|N|N|Nimble-WEB|world/NC2016_2151.jpg||N||consistent
Removal|NC2016_9402|probe/NC2016_9402.jpg|reference/remove/mask/NC2016_0940.png||||Y|none||complex|Y|N|N|Nimble-WEB|world/NC2016_4592.jpg||N||consistent
Removal|NC2016_7654|probe/NC2016_7654.jpg|reference/remove/mask/NC2016_1086.png||||Y|none||simple|Y|N|N|Nimble-WEB|world/NC2016_8768.jpg||N||inconsistent
Removal|NC2016_5042|probe/NC2016_5042.jpg|reference/remove/mask/NC2016_1153.png||||Y|none||complex|Y|N|N|Nimble-WEB|world/NC2016_8176.jpg||N||consistent
Removal|NC2016_1814|probe/NC2016_1814.jpg|reference/remove/mask/NC2016_1221.png||||Y|none||complex|Y|N|N|Nimble-WEB|world/NC2016_9567.jpg||N||consistent
Removal|NC2016_7534|probe/NC2016_7534.jpg|reference/remove/mask/NC2016_1287.png||||Y|none||complex|Y|N|N|Nimble-WEB|world/NC2016_8768.jpg||N||consistent
Removal|NC2016_2901|probe/NC2016_2901.jpg|reference/remove/mask/NC2016_1309.png||||Y|none||simple|Y|N|N|Nimble-WEB|world/NC2016_6675.jpg||N||consistent
Removal|NC2016_5257|probe/NC2016_5257.jpg|reference/remove/mask/NC2016_1390.png||||Y|none||simple|Y|N|N|Nimble-WEB|world/NC2016_8169.jpg||N||consistent
Removal|NC2016_6412|probe/NC2016_6412.jpg|reference/remove/mask/NC2016_1461.png||||Y|none||complex|Y|N|N|Nimble-WEB|world/NC2016_5794.jpg||N||consistent
Removal|NC2016_4586|probe/NC2016_4586.jpg|reference/remove/mask/NC2016_1564.png||||Y|none||complex|Y|N|N|Nimble-WEB|world/NC2016_3625.jpg||N||consistent
Removal|NC2016_3374|probe/NC2016_3374.jpg|reference/remove/mask/NC2016_1664.png||||Y|none||complex|Y|N|N|Nimble-WEB|world/NC2016_0138.jpg||N||consistent
Removal|NC2016_1299|probe/NC2016_1299.jpg|reference/remove/mask/NC2016_1831.png||||Y|none||complex|Y|N|N|Nimble-WEB|world/NC2016_6672.jpg||N||inconsistent
Removal|NC2016_8091|probe/NC2016_8091.jpg|reference/remove/mask/NC2016_1963.png||||Y|none||complex|Y|N|N|Nimble-WEB|world/NC2016_6675.jpg||N||consistent
Removal|NC2016_0859|probe/NC2016_0859.jpg|reference/remove/mask/NC2016_2015.png||||Y|none||complex|Y|N|N|Nimble-SCI|world/NC2016_1091.jpg||N|probe/NC2016_8315.jpg|
Removal|NC2016_6058|probe/NC2016_6058.jpg|reference/remove/mask/NC2016_2070.png||||Y|none||complex|Y|N|N|Nimble-WEB|world/NC2016_3625.jpg||N||inconsistent
Removal|NC2016_1571|probe/NC2016_1571.jpg|reference/remove/mask/NC2016_2273.png||||Y|none||simple|Y|N|N|Nimble-SCI|world/NC2016_5601.jpg||N|probe/NC2016_4209.jpg|
Removal|NC2016_0887|probe/NC2016_0887.jpg|reference/remove/mask/NC2016_2345.png||||Y|none||complex|Y|N|N|Nimble-WEB|world/NC2016_4227.jpg||N||inconsistent
Removal|NC2016_5196|probe/NC2016_5196.jpg|reference/remove/mask/NC2016_2404.png||||Y|none||simple|Y|N|N|Nimble-SCI|world/NC2016_1806.jpg||N|probe/NC2016_6785.jpg|
Removal|NC2016_1103|probe/NC2016_1103.jpg|reference/remove/mask/NC2016_2435.png||||Y|none||simple|Y|N|N|Nimble-WEB|world/NC2016_9567.jpg||N||consistent
Removal|NC2016_3576|probe/NC2016_3576.jpg|reference/remove/mask/NC2016_2461.png||||Y|none||simple|Y|N|N|Nimble-WEB|world/NC2016_8169.jpg||N||inconsistent
Removal|NC2016_4429|probe/NC2016_4429.jpg|reference/remove/mask/NC2016_2524.png||||Y|none||complex|Y|N|N|Nimble-SCI|world/NC2016_4530.jpg||N|probe/NC2016_4281.jpg|
Removal|NC2016_9725|probe/NC2016_9725.jpg|reference/remove/mask/NC2016_2527.png||||Y|none||simple|Y|N|N|Nimble-SCI|world/NC2016_6721.jpg||N|probe/NC2016_8374.jpg|
Removal|NC2016_3508|probe/NC2016_3508.jpg|reference/remove/mask/NC2016_2605.png||||Y|none||complex|Y|N|N|Nimble-WEB|world/NC2016_8257.jpg||N||consistent
Removal|NC2016_8814|probe/NC2016_8814.jpg|reference/remove/mask/NC2016_2657.png||||Y|none||complex|Y|N|N|Nimble-SCI|world/NC2016_0159.jpg||N|probe/NC2016_4856.jpg|
Removal|NC2016_1633|probe/NC2016_1633.jpg|reference/remove/mask/NC2016_2712.png||||Y|none||simple|Y|N|N|Nimble-WEB|world/NC2016_6672.jpg||N||inconsistent
Removal|NC2016_0280|probe/NC2016_0280.jpg|reference/remove/mask/NC2016_2878.png||||Y|none||simple|Y|N|N|Nimble-WEB|world/NC2016_6675.jpg||N||inconsistent
Removal|NC2016_9073|probe/NC2016_9073.jpg|reference/remove/mask/NC2016_2917.png||||Y|none||complex|Y|N|N|Nimble-SCI|world/NC2016_1806.jpg||N|probe/NC2016_6785.jpg|
Removal|NC2016_1917|probe/NC2016_1917.jpg|reference/remove/mask/NC2016_2943.png||||Y|none||complex|Y|N|N|Nimble-WEB|world/NC2016_3668.jpg||N||inconsistent
Removal|NC2016_7437|probe/NC2016_7437.jpg|reference/remove/mask/NC2016_3013.png||||Y|none||complex|Y|N|N|Nimble-SCI|world/NC2016_4267.jpg||N|probe/NC2016_7682.jpg|
Removal|NC2016_9176|probe/NC2016_9176.jpg|reference/remove/mask/NC2016_3019.png||||Y|none||simple|Y|N|N|Nimble-SCI|world/NC2016_4267.jpg||N|probe/NC2016_7682.jpg|
Removal|NC2016_1470|probe/NC2016_1470.jpg|reference/remove/mask/NC2016_3165.png||||Y|none||complex|Y|N|N|Nimble-WEB|world/NC2016_6672.jpg||N||consistent
Removal|NC2016_7489|probe/NC2016_7489.jpg|reference/remove/mask/NC2016_3178.png||||Y|none||complex|Y|N|N|Nimble-WEB|world/NC2016_8994.jpg||N||consistent
Removal|NC2016_9462|probe/NC2016_9462.jpg|reference/remove/mask/NC2016_3191.png||||Y|none||complex|Y|N|N|Nimble-SCI|world/NC2016_5601.jpg||N|probe/NC2016_4209.jpg|
Removal|NC2016_8457|probe/NC2016_8457.jpg|reference/remove/mask/NC2016_3205.png||||Y|none||complex|Y|N|N|Nimble-WEB|world/NC2016_8768.jpg||N||inconsistent
Removal|NC2016_4232|probe/NC2016_4232.jpg|reference/remove/mask/NC2016_3338.png||||Y|none||simple|Y|N|N|Nimble-SCI|world/NC2016_5008.jpg||N|probe/NC2016_2653.jpg|
Removal|NC2016_7564|probe/NC2016_7564.jpg|reference/remove/mask/NC2016_3427.png||||Y|none||complex|Y|N|N|Nimble-WEB|world/NC2016_0138.jpg||N||inconsistent
Removal|NC2016_7338|probe/NC2016_7338.jpg|reference/remove/mask/NC2016_3489.png||||Y|none||simple|Y|N|N|Nimble-WEB|world/NC2016_5794.jpg||N||consistent
Removal|NC2016_2372|probe/NC2016_2372.jpg|reference/remove/mask/NC2016_3891.png||||Y|none||complex|Y|N|N|Nimble-WEB|world/NC2016_8257.jpg||N||inconsistent
Removal|NC2016_4301|probe/NC2016_4301.jpg|reference/remove/mask/NC2016_3901.png||||Y|none||complex|Y|N|N|Nimble-WEB|world/NC2016_6675.jpg||N||inconsistent
Removal|NC2016_5174|probe/NC2016_5174.jpg|reference/remove/mask/NC2016_4072.png||||Y|none||simple|Y|N|N|Nimble-SCI|world/NC2016_6575.jpg||N|probe/NC2016_0136.jpg|
Removal|NC2016_5313|probe/NC2016_5313.jpg|reference/remove/mask/NC2016_4104.png||||Y|none||complex|Y|N|N|Nimble-WEB|world/NC2016_4592.jpg||N||consistent
Removal|NC2016_7298|probe/NC2016_7298.jpg|reference/remove/mask/NC2016_4250.png||||Y|none||simple|Y|N|N|Nimble-WEB|world/NC2016_6672.jpg||N||consistent
Removal|NC2016_0830|probe/NC2016_0830.jpg|reference/remove/mask/NC2016_4792.png||||Y|none||simple|Y|N|N|Nimble-SCI|world/NC2016_0662.jpg||N|probe/NC2016_4951.jpg|
Removal|NC2016_0674|probe/NC2016_0674.jpg|reference/remove/mask/NC2016_4907.png||||Y|none||simple|Y|N|N|Nimble-SCI|world/NC2016_7593.jpg||N|probe/NC2016_9932.jpg|
Removal|NC2016_2090|probe/NC2016_2090.jpg|reference/remove/mask/NC2016_4919.png||||Y|none||simple|Y|N|N|Nimble-SCI|world/NC2016_8410.jpg||N|probe/NC2016_8551.jpg|
Removal|NC2016_8058|probe/NC2016_8058.jpg|reference/remove/mask/NC2016_4977.png||||Y|none||simple|Y|N|N|Nimble-SCI|world/NC2016_3272.jpg||N|probe/NC2016_6974.jpg|
Removal|NC2016_7781|probe/NC2016_7781.jpg|reference/remove/mask/NC2016_4980.png||||Y|none||complex|Y|N|N|Nimble-SCI|world/NC2016_4264.jpg||N|probe/NC2016_3077.jpg|
Removal|NC2016_5604|probe/NC2016_5604.jpg|reference/remove/mask/NC2016_5281.png||||Y|none||complex|Y|N|N|Nimble-SCI|world/NC2016_7593.jpg||N|probe/NC2016_9932.jpg|
Removal|NC2016_5239|probe/NC2016_5239.jpg|reference/remove/mask/NC2016_5292.png||||Y|none||complex|Y|N|N|Nimble-WEB|world/NC2016_8994.jpg||N||inconsistent
Removal|NC2016_3195|probe/NC2016_3195.jpg|reference/remove/mask/NC2016_5450.png||||Y|none||simple|Y|N|N|Nimble-SCI|world/NC2016_1091.jpg||N|probe/NC2016_8315.jpg|
Removal|NC2016_2571|probe/NC2016_2571.jpg|reference/remove/mask/NC2016_5531.png||||Y|none||complex|Y|N|N|Nimble-WEB|world/NC2016_8994.jpg||N||inconsistent
Removal|NC2016_7065|probe/NC2016_7065.jpg|reference/remove/mask/NC2016_5549.png||||Y|none||complex|Y|N|N|Nimble-WEB|world/NC2016_8169.jpg||N||consistent
Removal|NC2016_9173|probe/NC2016_9173.jpg|reference/remove/mask/NC2016_5625.png||||Y|none||complex|Y|N|N|Nimble-WEB|world/NC2016_4592.jpg||N||inconsistent
Removal|NC2016_1890|probe/NC2016_1890.jpg|reference/remove/mask/NC2016_5638.png||||Y|none||simple|Y|N|N|Nimble-SCI|world/NC2016_4530.jpg||N|probe/NC2016_4281.jpg|
Removal|NC2016_1293|probe/NC2016_1293.jpg|reference/remove/mask/NC2016_5812.png||||Y|none||simple|Y|N|N|Nimble-WEB|world/NC2016_8768.jpg||N||consistent
Removal|NC2016_6347|probe/NC2016_6347.jpg|reference/remove/mask/NC2016_5863.png||||Y|none||complex|Y|N|N|Nimble-WEB|world/NC2016_5794.jpg||N||inconsistent
Removal|NC2016_1966|probe/NC2016_1966.jpg|reference/remove/mask/NC2016_6062.png||||Y|none||complex|Y|N|N|Nimble-WEB|world/NC2016_8257.jpg||N||consistent
Removal|NC2016_4543|probe/NC2016_4543.jpg|reference/remove/mask/NC2016_6089.png||||Y|none||complex|Y|N|N|Nimble-SCI|world/NC2016_6611.jpg||N|probe/NC2016_6367.jpg|
Removal|NC2016_4161|probe/NC2016_4161.jpg|reference/remove/mask/NC2016_6141.png||||Y|none||complex|Y|N|N|Nimble-SCI|world/NC2016_8858.jpg||N|probe/NC2016_5540.jpg|
Removal|NC2016_1879|probe/NC2016_1879.jpg|reference/remove/mask/NC2016_6270.png||||Y|none||complex|Y|N|N|Nimble-WEB|world/NC2016_0138.jpg||N||consistent
Removal|NC2016_4642|probe/NC2016_4642.jpg|reference/remove/mask/NC2016_6283.png||||Y|none||simple|Y|N|N|Nimble-SCI|world/NC2016_4264.jpg||N|probe/NC2016_3077.jpg|
Removal|NC2016_6326|probe/NC2016_6326.jpg|reference/remove/mask/NC2016_6327.png||||Y|none||complex|Y|N|N|Nimble-WEB|world/NC2016_2151.jpg||N||inconsistent
Removal|NC2016_2621|probe/NC2016_2621.jpg|reference/remove/mask/NC2016_6420.png||||Y|none||complex|Y|N|N|Nimble-WEB|world/NC2016_9567.jpg||N||consistent
Removal|NC2016_2398|probe/NC2016_2398.jpg|reference/remove/mask/NC2016_6779.png||||Y|none||complex|Y|N|N|Nimble-WEB|world/NC2016_8176.jpg||N||consistent
Removal|NC2016_5009|probe/NC2016_5009.jpg|reference/remove/mask/NC2016_6805.png||||Y|none||simple|Y|N|N|Nimble-WEB|world/NC2016_5794.jpg||N||inconsistent
Removal|NC2016_2812|probe/NC2016_2812.jpg|reference/remove/mask/NC2016_6951.png||||Y|none||complex|Y|N|N|Nimble-WEB|world/NC2016_3668.jpg||N||consistent
Removal|NC2016_7214|probe/NC2016_7214.jpg|reference/remove/mask/NC2016_7024.png||||Y|none||complex|Y|N|N|Nimble-SCI|world/NC2016_6267.jpg||N|probe/NC2016_6731.jpg|
Removal|NC2016_6722|probe/NC2016_6722.jpg|reference/remove/mask/NC2016_7117.png||||Y|none||simple|Y|N|N|Nimble-SCI|world/NC2016_9067.jpg||N|probe/NC2016_9810.jpg|
Removal|NC2016_6880|probe/NC2016_6880.jpg|reference/remove/mask/NC2016_7346.png||||Y|none||complex|Y|N|N|Nimble-SCI|world/NC2016_9067.jpg||N|probe/NC2016_9810.jpg|
Removal|NC2016_9108|probe/NC2016_9108.jpg|reference/remove/mask/NC2016_7435.png||||Y|none||simple|Y|N|N|Nimble-SCI|world/NC2016_2857.jpg||N|probe/NC2016_5392.jpg|
Removal|NC2016_4956|probe/NC2016_4956.jpg|reference/remove/mask/NC2016_7466.png||||Y|none||complex|Y|N|N|Nimble-SCI|world/NC2016_0662.jpg||N|probe/NC2016_4951.jpg|
Removal|NC2016_6218|probe/NC2016_6218.jpg|reference/remove/mask/NC2016_7615.png||||Y|none||complex|Y|N|N|Nimble-SCI|world/NC2016_6721.jpg||N|probe/NC2016_8374.jpg|
Removal|NC2016_3801|probe/NC2016_3801.jpg|reference/remove/mask/NC2016_7812.png||||Y|none||simple|Y|N|N|Nimble-SCI|world/NC2016_8858.jpg||N|probe/NC2016_5540.jpg|
Removal|NC2016_2456|probe/NC2016_2456.jpg|reference/remove/mask/NC2016_7870.png||||Y|none||complex|Y|N|N|Nimble-WEB|world/NC2016_4592.jpg||N||inconsistent
Removal|NC2016_3868|probe/NC2016_3868.jpg|reference/remove/mask/NC2016_7966.png||||Y|none||complex|Y|N|N|Nimble-WEB|world/NC2016_3668.jpg||N||consistent
Removal|NC2016_1555|probe/NC2016_1555.jpg|reference/remove/mask/NC2016_7974.png||||Y|none||complex|Y|N|N|Nimble-WEB|world/NC2016_0138.jpg||N||inconsistent
Removal|NC2016_1513|probe/NC2016_1513.jpg|reference/remove/mask/NC2016_8041.png||||Y|none||complex|Y|N|N|Nimble-WEB|world/NC2016_8257.jpg||N||inconsistent
Removal|NC2016_7752|probe/NC2016_7752.jpg|reference/remove/mask/NC2016_8132.png||||Y|none||simple|Y|N|N|Nimble-SCI|world/NC2016_6611.jpg||N|probe/NC2016_6367.jpg|
Removal|NC2016_1804|probe/NC2016_1804.jpg|reference/remove/mask/NC2016_8269.png||||Y|none||simple|Y|N|N|Nimble-WEB|world/NC2016_6160.jpg||N||inconsistent
Removal|NC2016_5847|probe/NC2016_5847.jpg|reference/remove/mask/NC2016_8382.png||||Y|none||simple|Y|N|N|Nimble-SCI|world/NC2016_7734.jpg||N|probe/NC2016_8145.jpg|
Removal|NC2016_3688|probe/NC2016_3688.jpg|reference/remove/mask/NC2016_8496.png||||Y|none||simple|Y|N|N|Nimble-WEB|world/NC2016_6160.jpg||N||consistent
Removal|NC2016_1396|probe/NC2016_1396.jpg|reference/remove/mask/NC2016_8550.png||||Y|none||complex|Y|N|N|Nimble-SCI|world/NC2016_6575.jpg||N|probe/NC2016_0136.jpg|
Removal|NC2016_1141|probe/NC2016_1141.jpg|reference/remove/mask/NC2016_8576.png||||Y|none||complex|Y|N|N|Nimble-WEB|world/NC2016_8994.jpg||N||consistent
Removal|NC2016_6309|probe/NC2016_6309.jpg|reference/remove/mask/NC2016_8578.png||||Y|none||simple|Y|N|N|Nimble-SCI|world/NC2016_0159.jpg||N|probe/NC2016_4856.jpg|
Removal|NC2016_5702|probe/NC2016_5702.jpg|reference/remove/mask/NC2016_8696.png||||Y|none||complex|Y|N|N|Nimble-WEB|world/NC2016_6160.jpg||N||inconsistent
Removal|NC2016_2296|probe/NC2016_2296.jpg|reference/remove/mask/NC2016_8828.png||||Y|none||simple|Y|N|N|Nimble-WEB|world/NC2016_3625.jpg||N||consistent
Removal|NC2016_7126|probe/NC2016_7126.jpg|reference/remove/mask/NC2016_8846.png||||Y|none||complex|Y|N|N|Nimble-WEB|world/NC2016_6160.jpg||N||consistent
Removal|NC2016_4507|probe/NC2016_4507.jpg|reference/remove/mask/NC2016_8997.png||||Y|none||complex|Y|N|N|Nimble-SCI|world/NC2016_3272.jpg||N|probe/NC2016_6974.jpg|
Removal|NC2016_2144|probe/NC2016_2144.jpg|reference/remove/mask/NC2016_9145.png||||Y|none||complex|Y|N|N|Nimble-SCI|world/NC2016_5008.jpg||N|probe/NC2016_2653.jpg|
Removal|NC2016_6495|probe/NC2016_6495.jpg|reference/remove/mask/NC2016_9234.png||||Y|none||simple|Y|N|N|Nimble-WEB|world/NC2016_9567.jpg||N||consistent
Removal|NC2016_4192|probe/NC2016_4192.jpg|reference/remove/mask/NC2016_9370.png||||Y|none||complex|Y|N|N|Nimble-SCI|world/NC2016_7734.jpg||N|probe/NC2016_8145.jpg|
Removal|NC2016_2459|probe/NC2016_2459.jpg|reference/remove/mask/NC2016_9611.png||||Y|none||complex|Y|N|N|Nimble-WEB|world/NC2016_3668.jpg||N||inconsistent
Removal|NC2016_5345|probe/NC2016_5345.jpg|reference/remove/mask/NC2016_9741.png||||Y|none||complex|Y|N|N|Nimble-WEB|world/NC2016_4227.jpg||N||inconsistent
Removal|NC2016_5887|probe/NC2016_5887.jpg|reference/remove/mask/NC2016_9778.png||||Y|none||simple|Y|N|N|Nimble-WEB|world/NC2016_2151.jpg||N||inconsistent
Removal|NC2016_9651|probe/NC2016_9651.jpg|reference/remove/mask/NC2016_9826.png||||Y|none||complex|Y|N|N|Nimble-WEB|world/NC2016_8169.jpg||N||inconsistent
Removal|NC2016_8517|probe/NC2016_8517.jpg|reference/remove/mask/NC2016_9866.png||||Y|none||complex|Y|N|N|Nimble-SCI|world/NC2016_8410.jpg||N|probe/NC2016_8551.jpg|
Removal|NC2016_7429|probe/NC2016_7429.jpg|reference/remove/mask/NC2016_9935.png||||Y|none||complex|Y|N|N|Nimble-WEB|world/NC2016_4227.jpg||N||consistent
Removal|NC2016_9811|probe/NC2016_9811.jpg|reference/remove/mask/NC2016_1714.png||||Y|none||complex|Y|N|N|Nimble-WEB|world/NC2016_2151.jpg||N||consistent
Removal|NC2016_9807|probe/NC2016_9807.jpg|reference/remove/mask/NC2016_4424.png||||Y|none||complex|Y|N|N|Nimble-WEB|world/NC2016_4227.jpg||N||consistent
Removal|NC2016_0016|probe/NC2016_0016.jpg|reference/remove/mask/NC2016_0940.png||||Y|rescale||complex|Y|N|N|Nimble-WEB|world/NC2016_4592.jpg||N||consistent
Removal|NC2016_0254|probe/NC2016_0254.jpg|reference/remove/mask/NC2016_6089.png||||Y|rescale||complex|Y|N|N|Nimble-SCI|world/NC2016_6611.jpg||N|probe/NC2016_6367.jpg|
Removal|NC2016_0550|probe/NC2016_0550.jpg|reference/remove/mask/NC2016_6283.png||||Y|rescale||simple|Y|N|N|Nimble-SCI|world/NC2016_4264.jpg||N|probe/NC2016_3077.jpg|
Removal|NC2016_0906|probe/NC2016_0906.jpg|reference/remove/mask/NC2016_1287.png||||Y|rescale||complex|Y|N|N|Nimble-WEB|world/NC2016_8768.jpg||N||consistent
Removal|NC2016_1213|probe/NC2016_1213.jpg|reference/remove/mask/NC2016_0462.png||||Y|rescale||complex|Y|N|N|Nimble-WEB|world/NC2016_8176.jpg||N||inconsistent
Removal|NC2016_1225|probe/NC2016_1225.jpg|reference/remove/mask/NC2016_4919.png||||Y|rescale||simple|Y|N|N|Nimble-SCI|world/NC2016_8410.jpg||N|probe/NC2016_8551.jpg|
Removal|NC2016_1546|probe/NC2016_1546.jpg|reference/remove/mask/NC2016_4977.png||||Y|rescale||simple|Y|N|N|Nimble-SCI|world/NC2016_3272.jpg||N|probe/NC2016_6974.jpg|
Removal|NC2016_1732|probe/NC2016_1732.jpg|reference/remove/mask/NC2016_4907.png||||Y|rescale||simple|Y|N|N|Nimble-SCI|world/NC2016_7593.jpg||N|probe/NC2016_9932.jpg|
Removal|NC2016_1749|probe/NC2016_1749.jpg|reference/remove/mask/NC2016_5625.png||||Y|rescale||complex|Y|N|N|Nimble-WEB|world/NC2016_4592.jpg||N||inconsistent
Removal|NC2016_1755|probe/NC2016_1755.jpg|reference/remove/mask/NC2016_7024.png||||Y|rescale||complex|Y|N|N|Nimble-SCI|world/NC2016_6267.jpg||N|probe/NC2016_6731.jpg|
Removal|NC2016_1873|probe/NC2016_1873.jpg|reference/remove/mask/NC2016_5638.png||||Y|rescale||simple|Y|N|N|Nimble-SCI|world/NC2016_4530.jpg||N|probe/NC2016_4281.jpg|
Removal|NC2016_1944|probe/NC2016_1944.jpg|reference/remove/mask/NC2016_0660.png||||Y|rescale||simple|Y|N|N|Nimble-WEB|world/NC2016_3625.jpg||N||inconsistent
Removal|NC2016_2300|probe/NC2016_2300.jpg|reference/remove/mask/NC2016_3489.png||||Y|rescale||simple|Y|N|N|Nimble-WEB|world/NC2016_5794.jpg||N||consistent
Removal|NC2016_2438|probe/NC2016_2438.jpg|reference/remove/mask/NC2016_0694.png||||Y|rescale||simple|Y|N|N|Nimble-SCI|world/NC2016_6267.jpg||N|probe/NC2016_6731.jpg|
Removal|NC2016_2487|probe/NC2016_2487.jpg|reference/remove/mask/NC2016_4072.png||||Y|rescale||simple|Y|N|N|Nimble-SCI|world/NC2016_6575.jpg||N|probe/NC2016_0136.jpg|
Removal|NC2016_2492|probe/NC2016_2492.jpg|reference/remove/mask/NC2016_5863.png||||Y|rescale||complex|Y|N|N|Nimble-WEB|world/NC2016_5794.jpg||N||inconsistent
Removal|NC2016_2802|probe/NC2016_2802.jpg|reference/remove/mask/NC2016_2404.png||||Y|rescale||simple|Y|N|N|Nimble-SCI|world/NC2016_1806.jpg||N|probe/NC2016_6785.jpg|
Removal|NC2016_2858|probe/NC2016_2858.jpg|reference/remove/mask/NC2016_5549.png||||Y|rescale||complex|Y|N|N|Nimble-WEB|world/NC2016_8169.jpg||N||consistent
Removal|NC2016_2864|probe/NC2016_2864.jpg|reference/remove/mask/NC2016_6951.png||||Y|rescale||complex|Y|N|N|Nimble-WEB|world/NC2016_3668.jpg||N||consistent
Removal|NC2016_3119|probe/NC2016_3119.jpg|reference/remove/mask/NC2016_1086.png||||Y|rescale||simple|Y|N|N|Nimble-WEB|world/NC2016_8768.jpg||N||inconsistent
Removal|NC2016_3207|probe/NC2016_3207.jpg|reference/remove/mask/NC2016_3191.png||||Y|rescale||complex|Y|N|N|Nimble-SCI|world/NC2016_5601.jpg||N|probe/NC2016_4209.jpg|
Removal|NC2016_3397|probe/NC2016_3397.jpg|reference/remove/mask/NC2016_2070.png||||Y|rescale||complex|Y|N|N|Nimble-WEB|world/NC2016_3625.jpg||N||inconsistent
Removal|NC2016_3692|probe/NC2016_3692.jpg|reference/remove/mask/NC2016_1390.png||||Y|rescale||simple|Y|N|N|Nimble-WEB|world/NC2016_8169.jpg||N||consistent
Removal|NC2016_3725|probe/NC2016_3725.jpg|reference/remove/mask/NC2016_5531.png||||Y|rescale||complex|Y|N|N|Nimble-WEB|world/NC2016_8994.jpg||N||inconsistent
Removal|NC2016_3842|probe/NC2016_3842.jpg|reference/remove/mask/NC2016_4792.png||||Y|rescale||simple|Y|N|N|Nimble-SCI|world/NC2016_0662.jpg||N|probe/NC2016_4951.jpg|
Removal|NC2016_3850|probe/NC2016_3850.jpg|reference/remove/mask/NC2016_2527.png||||Y|rescale||simple|Y|N|N|Nimble-SCI|world/NC2016_6721.jpg||N|probe/NC2016_8374.jpg|
Removal|NC2016_3851|probe/NC2016_3851.jpg|reference/remove/mask/NC2016_5281.png||||Y|rescale||complex|Y|N|N|Nimble-SCI|world/NC2016_7593.jpg||N|probe/NC2016_9932.jpg|
Removal|NC2016_3911|probe/NC2016_3911.jpg|reference/remove/mask/NC2016_1309.png||||Y|rescale||simple|Y|N|N|Nimble-WEB|world/NC2016_6675.jpg||N||consistent
Removal|NC2016_4219|probe/NC2016_4219.jpg|reference/remove/mask/NC2016_4104.png||||Y|rescale||complex|Y|N|N|Nimble-WEB|world/NC2016_4592.jpg||N||consistent
Removal|NC2016_4228|probe/NC2016_4228.jpg|reference/remove/mask/NC2016_3338.png||||Y|rescale||simple|Y|N|N|Nimble-SCI|world/NC2016_5008.jpg||N|probe/NC2016_2653.jpg|
Removal|NC2016_4434|probe/NC2016_4434.jpg|reference/remove/mask/NC2016_2345.png||||Y|rescale||complex|Y|N|N|Nimble-WEB|world/NC2016_4227.jpg||N||inconsistent
Removal|NC2016_4487|probe/NC2016_4487.jpg|reference/remove/mask/NC2016_2015.png||||Y|rescale||complex|Y|N|N|Nimble-SCI|world/NC2016_1091.jpg||N|probe/NC2016_8315.jpg|
Removal|NC2016_4503|probe/NC2016_4503.jpg|reference/remove/mask/NC2016_0368.png||||Y|rescale||complex|Y|N|N|Nimble-SCI|world/NC2016_2857.jpg||N|probe/NC2016_5392.jpg|
Removal|NC2016_5048|probe/NC2016_5048.jpg|reference/remove/mask/NC2016_2273.png||||Y|rescale||simple|Y|N|N|Nimble-SCI|world/NC2016_5601.jpg||N|probe/NC2016_4209.jpg|
Removal|NC2016_5321|probe/NC2016_5321.jpg|reference/remove/mask/NC2016_2435.png||||Y|rescale||simple|Y|N|N|Nimble-WEB|world/NC2016_9567.jpg||N||consistent
Removal|NC2016_5334|probe/NC2016_5334.jpg|reference/remove/mask/NC2016_4250.png||||Y|rescale||simple|Y|N|N|Nimble-WEB|world/NC2016_6672.jpg||N||consistent
Removal|NC2016_5730|probe/NC2016_5730.jpg|reference/remove/mask/NC2016_5812.png||||Y|rescale||simple|Y|N|N|Nimble-WEB|world/NC2016_8768.jpg||N||consistent
Removal|NC2016_5913|probe/NC2016_5913.jpg|reference/remove/mask/NC2016_1153.png||||Y|rescale||complex|Y|N|N|Nimble-WEB|world/NC2016_8176.jpg||N||consistent
Removal|NC2016_6003|probe/NC2016_6003.jpg|reference/remove/mask/NC2016_2943.png||||Y|rescale||complex|Y|N|N|Nimble-WEB|world/NC2016_3668.jpg||N||inconsistent
Removal|NC2016_6138|probe/NC2016_6138.jpg|reference/remove/mask/NC2016_2657.png||||Y|rescale||complex|Y|N|N|Nimble-SCI|world/NC2016_0159.jpg||N|probe/NC2016_4856.jpg|
Removal|NC2016_6217|probe/NC2016_6217.jpg|reference/remove/mask/NC2016_2712.png||||Y|rescale||simple|Y|N|N|Nimble-WEB|world/NC2016_6672.jpg||N||inconsistent
Removal|NC2016_6414|probe/NC2016_6414.jpg|reference/remove/mask/NC2016_2605.png||||Y|rescale||complex|Y|N|N|Nimble-WEB|world/NC2016_8257.jpg||N||consistent
Removal|NC2016_6479|probe/NC2016_6479.jpg|reference/remove/mask/NC2016_1831.png||||Y|rescale||complex|Y|N|N|Nimble-WEB|world/NC2016_6672.jpg||N||inconsistent
Removal|NC2016_6518|probe/NC2016_6518.jpg|reference/remove/mask/NC2016_1664.png||||Y|rescale||complex|Y|N|N|Nimble-WEB|world/NC2016_0138.jpg||N||consistent
Removal|NC2016_6607|probe/NC2016_6607.jpg|reference/remove/mask/NC2016_3891.png||||Y|rescale||complex|Y|N|N|Nimble-WEB|world/NC2016_8257.jpg||N||inconsistent
Removal|NC2016_6625|probe/NC2016_6625.jpg|reference/remove/mask/NC2016_2461.png||||Y|rescale||simple|Y|N|N|Nimble-WEB|world/NC2016_8169.jpg||N||inconsistent
Removal|NC2016_6725|probe/NC2016_6725.jpg|reference/remove/mask/NC2016_1963.png||||Y|rescale||complex|Y|N|N|Nimble-WEB|world/NC2016_6675.jpg||N||consistent
Removal|NC2016_7344|probe/NC2016_7344.jpg|reference/remove/mask/NC2016_3013.png||||Y|rescale||complex|Y|N|N|Nimble-SCI|world/NC2016_4267.jpg||N|probe/NC2016_7682.jpg|
Removal|NC2016_7354|probe/NC2016_7354.jpg|reference/remove/mask/NC2016_6805.png||||Y|rescale||simple|Y|N|N|Nimble-WEB|world/NC2016_5794.jpg||N||inconsistent
Removal|NC2016_7511|probe/NC2016_7511.jpg|reference/remove/mask/NC2016_3178.png||||Y|rescale||complex|Y|N|N|Nimble-WEB|world/NC2016_8994.jpg||N||consistent
Removal|NC2016_7561|probe/NC2016_7561.jpg|reference/remove/mask/NC2016_5450.png||||Y|rescale||simple|Y|N|N|Nimble-SCI|world/NC2016_1091.jpg||N|probe/NC2016_8315.jpg|
Removal|NC2016_7580|probe/NC2016_7580.jpg|reference/remove/mask/NC2016_6062.png||||Y|rescale||complex|Y|N|N|Nimble-WEB|world/NC2016_8257.jpg||N||consistent
Removal|NC2016_7652|probe/NC2016_7652.jpg|reference/remove/mask/NC2016_0784.png||||Y|rescale||simple|Y|N|N|Nimble-WEB|world/NC2016_2151.jpg||N||consistent
Removal|NC2016_7834|probe/NC2016_7834.jpg|reference/remove/mask/NC2016_6779.png||||Y|rescale||complex|Y|N|N|Nimble-WEB|world/NC2016_8176.jpg||N||consistent
Removal|NC2016_7865|probe/NC2016_7865.jpg|reference/remove/mask/NC2016_4980.png||||Y|rescale||complex|Y|N|N|Nimble-SCI|world/NC2016_4264.jpg||N|probe/NC2016_3077.jpg|
Removal|NC2016_7872|probe/NC2016_7872.jpg|reference/remove/mask/NC2016_1461.png||||Y|rescale||complex|Y|N|N|Nimble-WEB|world/NC2016_5794.jpg||N||consistent
Removal|NC2016_7953|probe/NC2016_7953.jpg|reference/remove/mask/NC2016_6420.png||||Y|rescale||complex|Y|N|N|Nimble-WEB|world/NC2016_9567.jpg||N||consistent
Removal|NC2016_8127|probe/NC2016_8127.jpg|reference/remove/mask/NC2016_3427.png||||Y|rescale||complex|Y|N|N|Nimble-WEB|world/NC2016_0138.jpg||N||inconsistent
Removal|NC2016_8183|probe/NC2016_8183.jpg|reference/remove/mask/NC2016_3019.png||||Y|rescale||simple|Y|N|N|Nimble-SCI|world/NC2016_4267.jpg||N|probe/NC2016_7682.jpg|
Removal|NC2016_8253|probe/NC2016_8253.jpg|reference/remove/mask/NC2016_3901.png||||Y|rescale||complex|Y|N|N|Nimble-WEB|world/NC2016_6675.jpg||N||inconsistent
Removal|NC2016_8266|probe/NC2016_8266.jpg|reference/remove/mask/NC2016_2524.png||||Y|rescale||complex|Y|N|N|Nimble-SCI|world/NC2016_4530.jpg||N|probe/NC2016_4281.jpg|
Removal|NC2016_8350|probe/NC2016_8350.jpg|reference/remove/mask/NC2016_0004.png||||Y|rescale||complex|Y|N|N|Nimble-WEB|world/NC2016_8176.jpg||N||inconsistent
Removal|NC2016_8754|probe/NC2016_8754.jpg|reference/remove/mask/NC2016_1564.png||||Y|rescale||complex|Y|N|N|Nimble-WEB|world/NC2016_3625.jpg||N||consistent
Removal|NC2016_9009|probe/NC2016_9009.jpg|reference/remove/mask/NC2016_2878.png||||Y|rescale||simple|Y|N|N|Nimble-WEB|world/NC2016_6675.jpg||N||inconsistent
Removal|NC2016_9191|probe/NC2016_9191.jpg|reference/remove/mask/NC2016_6327.png||||Y|rescale||complex|Y|N|N|Nimble-WEB|world/NC2016_2151.jpg||N||inconsistent
Removal|NC2016_9235|probe/NC2016_9235.jpg|reference/remove/mask/NC2016_6270.png||||Y|rescale||complex|Y|N|N|Nimble-WEB|world/NC2016_0138.jpg||N||consistent
Removal|NC2016_9534|probe/NC2016_9534.jpg|reference/remove/mask/NC2016_3205.png||||Y|rescale||complex|Y|N|N|Nimble-WEB|world/NC2016_8768.jpg||N||inconsistent
Removal|NC2016_9727|probe/NC2016_9727.jpg|reference/remove/mask/NC2016_2917.png||||Y|rescale||complex|Y|N|N|Nimble-SCI|world/NC2016_1806.jpg||N|probe/NC2016_6785.jpg|
Removal|NC2016_9781|probe/NC2016_9781.jpg|reference/remove/mask/NC2016_6141.png||||Y|rescale||complex|Y|N|N|Nimble-SCI|world/NC2016_8858.jpg||N|probe/NC2016_5540.jpg|
Removal|NC2016_9822|probe/NC2016_9822.jpg|reference/remove/mask/NC2016_3165.png||||Y|rescale||complex|Y|N|N|Nimble-WEB|world/NC2016_6672.jpg||N||consistent
Removal|NC2016_9962|probe/NC2016_9962.jpg|reference/remove/mask/NC2016_5292.png||||Y|rescale||complex|Y|N|N|Nimble-WEB|world/NC2016_8994.jpg||N||inconsistent
Removal|NC2016_9994|probe/NC2016_9994.jpg|reference/remove/mask/NC2016_1221.png||||Y|rescale||complex|Y|N|N|Nimble-WEB|world/NC2016_9567.jpg||N||consistent
Removal|NC2016_0313|probe/NC2016_0313.jpg|reference/remove/mask/NC2016_4424.png||||Y|rescale||complex|Y|N|N|Nimble-WEB|world/NC2016_4227.jpg||N||consistent
Removal|NC2016_0587|probe/NC2016_0587.jpg|reference/remove/mask/NC2016_7812.png||||Y|rescale||simple|Y|N|N|Nimble-SCI|world/NC2016_8858.jpg||N|probe/NC2016_5540.jpg|
Removal|NC2016_0758|probe/NC2016_0758.jpg|reference/remove/mask/NC2016_8828.png||||Y|rescale||simple|Y|N|N|Nimble-WEB|world/NC2016_3625.jpg||N||consistent
Removal|NC2016_0766|probe/NC2016_0766.jpg|reference/remove/mask/NC2016_8576.png||||Y|rescale||complex|Y|N|N|Nimble-WEB|world/NC2016_8994.jpg||N||consistent
Removal|NC2016_1562|probe/NC2016_1562.jpg|reference/remove/mask/NC2016_7466.png||||Y|rescale||complex|Y|N|N|Nimble-SCI|world/NC2016_0662.jpg||N|probe/NC2016_4951.jpg|
Removal|NC2016_1616|probe/NC2016_1616.jpg|reference/remove/mask/NC2016_7870.png||||Y|rescale||complex|Y|N|N|Nimble-WEB|world/NC2016_4592.jpg||N||inconsistent
Removal|NC2016_1718|probe/NC2016_1718.jpg|reference/remove/mask/NC2016_8132.png||||Y|rescale||simple|Y|N|N|Nimble-SCI|world/NC2016_6611.jpg||N|probe/NC2016_6367.jpg|
Removal|NC2016_1893|probe/NC2016_1893.jpg|reference/remove/mask/NC2016_8382.png||||Y|rescale||simple|Y|N|N|Nimble-SCI|world/NC2016_7734.jpg||N|probe/NC2016_8145.jpg|
Removal|NC2016_1987|probe/NC2016_1987.jpg|reference/remove/mask/NC2016_7435.png||||Y|rescale||simple|Y|N|N|Nimble-SCI|world/NC2016_2857.jpg||N|probe/NC2016_5392.jpg|
Removal|NC2016_2031|probe/NC2016_2031.jpg|reference/remove/mask/NC2016_8846.png||||Y|rescale||complex|Y|N|N|Nimble-WEB|world/NC2016_6160.jpg||N||consistent
Removal|NC2016_3475|probe/NC2016_3475.jpg|reference/remove/mask/NC2016_7615.png||||Y|rescale||complex|Y|N|N|Nimble-SCI|world/NC2016_6721.jpg||N|probe/NC2016_8374.jpg|
Removal|NC2016_4166|probe/NC2016_4166.jpg|reference/remove/mask/NC2016_9145.png||||Y|rescale||complex|Y|N|N|Nimble-SCI|world/NC2016_5008.jpg||N|probe/NC2016_2653.jpg|
Removal|NC2016_4326|probe/NC2016_4326.jpg|reference/remove/mask/NC2016_9935.png||||Y|rescale||complex|Y|N|N|Nimble-WEB|world/NC2016_4227.jpg||N||consistent
Removal|NC2016_4399|probe/NC2016_4399.jpg|reference/remove/mask/NC2016_8041.png||||Y|rescale||complex|Y|N|N|Nimble-WEB|world/NC2016_8257.jpg||N||inconsistent
Removal|NC2016_4427|probe/NC2016_4427.jpg|reference/remove/mask/NC2016_8550.png||||Y|rescale||complex|Y|N|N|Nimble-SCI|world/NC2016_6575.jpg||N|probe/NC2016_0136.jpg|
Removal|NC2016_4620|probe/NC2016_4620.jpg|reference/remove/mask/NC2016_9370.png||||Y|rescale||complex|Y|N|N|Nimble-SCI|world/NC2016_7734.jpg||N|probe/NC2016_8145.jpg|
Removal|NC2016_4875|probe/NC2016_4875.jpg|reference/remove/mask/NC2016_7974.png||||Y|rescale||complex|Y|N|N|Nimble-WEB|world/NC2016_0138.jpg||N||inconsistent
Removal|NC2016_4937|probe/NC2016_4937.jpg|reference/remove/mask/NC2016_1714.png||||Y|rescale||complex|Y|N|N|Nimble-WEB|world/NC2016_2151.jpg||N||consistent
Removal|NC2016_4962|probe/NC2016_4962.jpg|reference/remove/mask/NC2016_9866.png||||Y|rescale||complex|Y|N|N|Nimble-SCI|world/NC2016_8410.jpg||N|probe/NC2016_8551.jpg|
Removal|NC2016_4993|probe/NC2016_4993.jpg|reference/remove/mask/NC2016_7117.png||||Y|rescale||simple|Y|N|N|Nimble-SCI|world/NC2016_9067.jpg||N|probe/NC2016_9810.jpg|
Removal|NC2016_5240|probe/NC2016_5240.jpg|reference/remove/mask/NC2016_8269.png||||Y|rescale||simple|Y|N|N|Nimble-WEB|world/NC2016_6160.jpg||N||inconsistent
Removal|NC2016_5275|probe/NC2016_5275.jpg|reference/remove/mask/NC2016_9826.png||||Y|rescale||complex|Y|N|N|Nimble-WEB|world/NC2016_8169.jpg||N||inconsistent
Removal|NC2016_5300|probe/NC2016_5300.jpg|reference/remove/mask/NC2016_9741.png||||Y|rescale||complex|Y|N|N|Nimble-WEB|world/NC2016_4227.jpg||N||inconsistent
Removal|NC2016_5307|probe/NC2016_5307.jpg|reference/remove/mask/NC2016_9234.png||||Y|rescale||simple|Y|N|N|Nimble-WEB|world/NC2016_9567.jpg||N||consistent
Removal|NC2016_5929|probe/NC2016_5929.jpg|reference/remove/mask/NC2016_8578.png||||Y|rescale||simple|Y|N|N|Nimble-SCI|world/NC2016_0159.jpg||N|probe/NC2016_4856.jpg|
Removal|NC2016_6233|probe/NC2016_6233.jpg|reference/remove/mask/NC2016_8997.png||||Y|rescale||complex|Y|N|N|Nimble-SCI|world/NC2016_3272.jpg||N|probe/NC2016_6974.jpg|
Removal|NC2016_6450|probe/NC2016_6450.jpg|reference/remove/mask/NC2016_7346.png||||Y|rescale||complex|Y|N|N|Nimble-SCI|world/NC2016_9067.jpg||N|probe/NC2016_9810.jpg|
Removal|NC2016_6519|probe/NC2016_6519.jpg|reference/remove/mask/NC2016_8496.png||||Y|rescale||simple|Y|N|N|Nimble-WEB|world/NC2016_6160.jpg||N||consistent
Removal|NC2016_6623|probe/NC2016_6623.jpg|reference/remove/mask/NC2016_9778.png||||Y|rescale||simple|Y|N|N|Nimble-WEB|world/NC2016_2151.jpg||N||inconsistent
Removal|NC2016_8148|probe/NC2016_8148.jpg|reference/remove/mask/NC2016_7966.png||||Y|rescale||complex|Y|N|N|Nimble-WEB|world/NC2016_3668.jpg||N||consistent
Removal|NC2016_9038|probe/NC2016_9038.jpg|reference/remove/mask/NC2016_8696.png||||Y|rescale||complex|Y|N|N|Nimble-WEB|world/NC2016_6160.jpg||N||inconsistent
Removal|NC2016_9347|probe/NC2016_9347.jpg|reference/remove/mask/NC2016_9611.png||||Y|rescale||complex|Y|N|N|Nimble-WEB|world/NC2016_3668.jpg||N||inconsistent